Airline,Flight,AirportFrom,AirportTo,DayOfWeek,Time,Length,target
EV,5457.0,ATL,TLH,5,1047.0,63.0,0
OH,6350.0,DSM,MSP,5,1020.0,66.0,1
WN,759.0,SJC,ONT,2,425.0,70.0,0
OO,6417.0,LAX,SMX,3,621.0,55.0,1
YV,7306.0,SYR,IAD,3,618.0,77.0,1
EV,5275.0,ATL,JAN,1,494.0,84.0,0
DL,2160.0,MIA,ATL,6,1130.0,124.0,1
UA,272.0,EWR,ORD,6,510.0,165.0,0
EV,7107.0,IAD,LGA,5,1055.0,85.0,1
9E,4288.0,MKE,CVG,3,945.0,85.0,0
FL,217.0,MKE,RSW,1,855.0,174.0,0
DL,736.0,SMF,ATL,1,1365.0,258.0,1
AA,2264.0,DFW,RDU,1,1175.0,150.0,1
US,5.0,PHX,ORD,3,800.0,201.0,1
AA,1769.0,LGA,MIA,2,550.0,200.0,0
WN,3658.0,BUR,PHX,7,930.0,85.0,0
WN,186.0,HOU,JAN,4,960.0,65.0,0
EV,5266.0,ATL,MGM,1,770.0,54.0,1
US,1980.0,PHL,PVD,4,945.0,68.0,1
B6,622.0,HOU,JFK,2,945.0,204.0,0
UA,262.0,SEA,IAD,6,1392.0,291.0,0
WN,3586.0,BWI,SAN,3,975.0,360.0,0
B6,79.0,JFK,MCO,6,1320.0,165.0,1
DL,1726.0,FLL,ATL,6,970.0,120.0,0
YV,7257.0,DTW,ORD,5,1060.0,77.0,1
OO,4662.0,ABQ,SLC,1,360.0,99.0,1
AA,522.0,PDX,DFW,3,945.0,215.0,0
FL,463.0,BWI,ATL,3,1167.0,125.0,0
OH,6332.0,CLE,CVG,4,440.0,76.0,1
DL,1244.0,FLL,JFK,2,510.0,173.0,0
DL,1509.0,MSP,DEN,4,555.0,125.0,1
OO,6907.0,ORD,DSM,7,1085.0,76.0,1
WN,3012.0,MDW,MSP,6,725.0,90.0,1
US,567.0,PHX,MCO,2,599.0,246.0,1
XE,2409.0,CLE,MCI,7,1092.0,124.0,1
OO,4464.0,SLC,BZN,3,1191.0,80.0,0
CO,787.0,EWR,SNA,6,1020.0,365.0,1
EV,5464.0,OMA,DTW,3,810.0,119.0,0
YV,2949.0,PHX,TEX,4,775.0,121.0,0
DL,1036.0,SLC,ATL,6,916.0,219.0,0
XE,2277.0,IAH,BRO,7,700.0,68.0,1
EV,5188.0,ATL,DSM,4,1155.0,145.0,1
EV,5005.0,MEM,DEN,3,815.0,155.0,1
OH,6283.0,DTW,CVG,2,940.0,80.0,0
WN,150.0,HOU,MAF,4,540.0,85.0,0
UA,822.0,IAD,RDU,3,1060.0,71.0,1
DL,2267.0,BDL,ATL,4,1087.0,166.0,1
EV,7104.0,IAD,CAE,5,1313.0,81.0,0
AS,605.0,LAS,SEA,6,790.0,164.0,0
AA,1578.0,MFE,DFW,7,715.0,100.0,1
DL,2244.0,MSP,MKE,3,790.0,71.0,1
B6,375.0,LGA,FLL,2,577.0,186.0,1
XE,5909.0,PIA,ORD,2,865.0,58.0,1
FL,376.0,TPA,MKE,3,1106.0,169.0,0
WN,2043.0,DEN,PHL,7,840.0,220.0,1
YV,1027.0,OGG,HNL,7,890.0,32.0,0
OO,6635.0,ORD,ORF,4,830.0,119.0,0
B6,917.0,JFK,ORD,7,990.0,170.0,0
AA,34.0,LAX,JFK,1,510.0,322.0,0
WN,2314.0,OAK,SAN,5,785.0,80.0,1
EV,7070.0,CAE,ORD,2,448.0,128.0,0
FL,421.0,PNS,ATL,4,1090.0,70.0,1
OO,6441.0,DAY,DEN,3,971.0,186.0,0
FL,897.0,LGA,IND,7,1019.0,135.0,1
B6,38.0,JFK,ROC,5,1200.0,86.0,0
DL,2752.0,TPA,LGA,1,775.0,157.0,0
OO,6466.0,LAX,SLC,7,465.0,110.0,0
OO,6509.0,TUS,LAX,4,486.0,95.0,0
EV,5181.0,ATL,MLU,2,612.0,110.0,1
DL,2614.0,SEA,MSP,6,935.0,197.0,1
US,90.0,PHL,ORD,4,475.0,152.0,1
WN,1289.0,SEA,SMF,1,465.0,105.0,0
WN,1110.0,ABQ,HOU,5,1060.0,115.0,1
WN,378.0,DAL,BHM,7,1105.0,90.0,1
MQ,3390.0,HOU,DFW,7,895.0,70.0,0
US,270.0,PHX,LAS,1,520.0,71.0,0
DL,2713.0,DTW,MSN,5,925.0,82.0,0
EV,5551.0,VPS,ATL,3,465.0,79.0,0
WN,1277.0,CLE,MDW,7,1230.0,80.0,1
DL,1970.0,ATL,BUF,2,815.0,122.0,0
FL,852.0,MCO,ATL,1,1129.0,91.0,0
WN,2019.0,PHX,SLC,6,1020.0,95.0,1
WN,3575.0,BNA,MCI,1,1030.0,105.0,1
MQ,3068.0,SAN,LAX,2,945.0,45.0,0
FL,27.0,MDW,ATL,2,711.0,109.0,0
AA,719.0,MIA,TPA,2,1080.0,60.0,0
DL,2176.0,MCO,LGA,4,560.0,159.0,0
FL,793.0,ATL,STL,6,1345.0,102.0,0
MQ,4353.0,ORD,CLE,2,1170.0,80.0,1
MQ,4028.0,JAX,ORD,2,1035.0,170.0,0
DL,400.0,ATL,MSP,7,725.0,160.0,1
DL,22.0,SEA,ATL,3,701.0,284.0,1
CO,1457.0,CLE,SEA,2,535.0,312.0,1
OO,6509.0,TUS,LAX,4,486.0,95.0,0
OO,6448.0,TUS,LAX,1,688.0,92.0,0
AA,369.0,DFW,ABQ,4,765.0,110.0,0
EV,5149.0,ATL,TLH,5,660.0,67.0,0
B6,602.0,JFK,PWM,4,750.0,73.0,0
EV,4967.0,BMI,ATL,7,1120.0,105.0,0
EV,7095.0,IAD,ROA,5,1333.0,55.0,0
XE,2867.0,OKC,IAH,5,1125.0,82.0,0
EV,5446.0,VPS,ATL,2,613.0,74.0,0
CO,338.0,EWR,MIA,7,390.0,181.0,0
FL,840.0,MCO,ATL,3,591.0,90.0,1
B6,28.0,TPA,JFK,3,1115.0,155.0,1
EV,7129.0,IAD,BTV,6,1041.0,91.0,1
OO,6338.0,LAX,SAN,5,962.0,45.0,1
WN,417.0,OAK,SNA,4,375.0,85.0,1
WN,662.0,PHX,ABQ,2,1135.0,65.0,1
US,1085.0,CLT,MCO,4,885.0,102.0,1
WN,50.0,HOU,DAL,5,1110.0,60.0,1
WN,1100.0,SDF,MDW,3,1055.0,75.0,1
OO,6824.0,ORD,SBN,2,407.0,39.0,0
AA,1038.0,DFW,MSP,3,445.0,140.0,0
FL,759.0,HSV,MCO,2,715.0,113.0,0
UA,516.0,PHX,SFO,2,1242.0,128.0,1
9E,3671.0,MBS,DTW,2,620.0,53.0,1
FL,1438.0,MCO,MSP,2,695.0,209.0,0
MQ,4006.0,ORD,CHA,2,855.0,95.0,0
DL,2867.0,MEM,DTW,4,1135.0,113.0,0
DL,1782.0,ELP,ATL,6,400.0,175.0,0
EV,5530.0,GTR,ATL,2,667.0,75.0,1
AA,1366.0,DFW,MEM,2,965.0,85.0,0
WN,2451.0,OAK,DEN,1,1130.0,140.0,1
FL,990.0,ATL,PIT,6,1046.0,97.0,0
FL,922.0,ATL,MCI,3,926.0,132.0,0
MQ,3399.0,DFW,LEX,4,790.0,125.0,1
WN,1466.0,CLE,MDW,1,875.0,75.0,1
US,1517.0,DCA,TPA,5,520.0,150.0,0
CO,393.0,MCO,EWR,5,480.0,155.0,0
OO,6451.0,PDX,LAX,4,1105.0,138.0,0
XE,5905.0,ORD,TVC,5,807.0,62.0,1
EV,5168.0,AVL,ATL,7,840.0,74.0,1
9E,4133.0,BHM,MEM,5,685.0,74.0,0
UA,121.0,ORD,IAH,1,925.0,170.0,0
OO,6422.0,ORD,CRW,4,844.0,82.0,0
WN,3255.0,BNA,LAX,2,900.0,285.0,1
MQ,2947.0,FSM,DFW,3,1105.0,65.0,1
AA,2321.0,ORD,DFW,7,700.0,150.0,0
WN,978.0,MDW,SFO,2,790.0,300.0,1
MQ,4360.0,ORD,DTW,1,580.0,85.0,0
CO,793.0,MCO,EWR,3,1105.0,169.0,1
FL,102.0,ATL,DFW,1,986.0,147.0,0
FL,75.0,ATL,FLL,7,1030.0,110.0,0
OO,6611.0,BIS,DEN,5,403.0,107.0,1
EV,5121.0,ATL,OMA,2,1290.0,140.0,1
9E,4171.0,DTW,BGM,5,865.0,83.0,0
WN,1125.0,BOI,SEA,1,1125.0,85.0,1
AS,138.0,ANC,ORD,5,1405.0,345.0,1
OO,6616.0,ASE,DEN,3,954.0,48.0,0
WN,2720.0,BWI,MCI,4,1005.0,175.0,1
B6,325.0,BDL,FLL,4,440.0,197.0,1
FL,461.0,BWI,ATL,5,365.0,126.0,0
XE,2615.0,CRP,IAH,4,1025.0,72.0,0
US,1053.0,PVD,CLT,2,385.0,143.0,0
MQ,3342.0,DFW,CRP,6,735.0,80.0,0
WN,42.0,HOU,DAL,2,990.0,55.0,0
AA,1875.0,DFW,PHX,5,1150.0,160.0,1
WN,214.0,DEN,LAS,2,530.0,120.0,1
CO,1828.0,EWR,DEN,2,540.0,265.0,1
AA,1182.0,LAX,AUS,1,390.0,175.0,0
UA,224.0,IAD,BDL,2,531.0,83.0,0
OO,4732.0,LSE,MSP,3,410.0,60.0,0
US,273.0,PHX,IAH,4,810.0,154.0,0
DL,1213.0,ATL,PNS,1,1138.0,73.0,1
EV,5135.0,ECP,ATL,2,942.0,77.0,0
US,354.0,MSP,PHX,1,1235.0,207.0,0
AA,1415.0,TPA,DFW,6,990.0,170.0,0
US,1528.0,MSY,CLT,5,975.0,111.0,1
B6,459.0,BOS,FLL,1,1185.0,201.0,0
MQ,4303.0,OKC,ORD,5,905.0,130.0,0
9E,4143.0,FWA,DTW,6,345.0,59.0,0
US,740.0,SJU,PHL,1,820.0,244.0,1
DL,1161.0,ATL,SNA,3,1140.0,306.0,0
XE,2417.0,BTV,CLE,7,545.0,120.0,0
DL,1677.0,ORD,ATL,6,912.0,118.0,0
FL,38.0,ATL,MDW,7,791.0,111.0,0
UA,556.0,LAX,SFO,1,692.0,92.0,1
DL,2694.0,ATL,PHL,1,743.0,129.0,1
DL,2501.0,MCO,MEM,1,1050.0,134.0,0
WN,2718.0,SMF,ONT,1,1265.0,75.0,0
B6,7.0,BUF,JFK,6,1018.0,92.0,0
UA,205.0,BOS,IAD,1,425.0,107.0,0
B6,1119.0,BUF,FLL,1,660.0,184.0,0
FL,289.0,ATL,HOU,6,900.0,139.0,0
B6,302.0,FLL,IAD,5,1255.0,140.0,1
OO,4669.0,PDX,SLC,2,1095.0,105.0,1
WN,1175.0,SNA,OAK,2,405.0,105.0,1
OO,6611.0,PHX,DEN,3,837.0,102.0,0
OH,6529.0,DTW,BUF,3,450.0,86.0,0
OO,4853.0,SLC,JAC,1,1005.0,61.0,1
UA,42.0,HNL,DEN,2,1380.0,423.0,0
WN,2141.0,MCO,ISP,6,1160.0,145.0,1
EV,5571.0,ATL,SHV,2,1000.0,118.0,0
WN,894.0,MDW,CLE,5,835.0,70.0,1
EV,7103.0,ORD,CAE,7,1265.0,109.0,0
EV,5475.0,CSG,ATL,7,1038.0,52.0,0
MQ,3231.0,AMA,DFW,2,1140.0,70.0,0
AA,2466.0,SFO,DFW,4,20.0,195.0,0
WN,2579.0,DTW,MDW,6,680.0,70.0,1
DL,1836.0,DTW,BWI,3,945.0,104.0,0
AA,114.0,LAX,EWR,3,495.0,325.0,0
DL,1107.0,SLC,RNO,3,1310.0,95.0,1
WN,756.0,MCI,DAL,3,495.0,95.0,0
DL,2667.0,ATL,SAN,6,1294.0,293.0,0
DL,2501.0,MCO,MEM,7,1050.0,134.0,0
DL,2596.0,SFO,CVG,7,737.0,259.0,1
B6,50.0,FLL,JFK,4,1185.0,165.0,0
CO,817.0,MSY,EWR,2,405.0,175.0,1
XE,2921.0,GRR,IAH,4,380.0,186.0,1
AS,224.0,PDX,SFO,6,480.0,117.0,0
FL,1185.0,TPA,GRR,6,787.0,160.0,0
WN,3763.0,BWI,ALB,7,1080.0,70.0,1
AA,477.0,DFW,ABQ,3,845.0,110.0,0
EV,7077.0,JAX,IAD,6,570.0,110.0,0
9E,4327.0,TPA,RDU,5,730.0,120.0,0
MQ,4631.0,LGA,RDU,5,625.0,110.0,0
HA,118.0,HNL,KOA,5,451.0,42.0,0
OO,4618.0,SLC,BOI,5,1079.0,66.0,1
CO,289.0,DTW,IAH,6,885.0,192.0,1
AA,1970.0,DFW,BNA,2,1090.0,100.0,1
MQ,4095.0,ORD,PIT,4,610.0,85.0,1
XE,2161.0,EWR,PIT,5,1235.0,99.0,0
OO,6296.0,ONT,DEN,4,681.0,137.0,0
EV,5395.0,ATL,PHF,6,845.0,94.0,0
XE,2198.0,IAH,CRW,7,850.0,136.0,0
CO,1719.0,IAH,MTJ,6,705.0,170.0,0
EV,5185.0,SAV,ATL,6,690.0,70.0,0
US,2025.0,BOS,DCA,3,480.0,94.0,0
9E,3805.0,CLE,MEM,7,440.0,145.0,0
MQ,4668.0,ATL,LGA,2,690.0,135.0,0
WN,244.0,MDW,LAX,2,880.0,280.0,1
CO,1834.0,EWR,SEA,6,700.0,353.0,0
WN,1544.0,RNO,LAS,6,670.0,75.0,1
DL,2020.0,LAX,MEM,2,752.0,222.0,1
WN,827.0,ABQ,DEN,3,980.0,80.0,1
CO,1558.0,SNA,IAH,4,715.0,184.0,1
CO,1618.0,EWR,TPA,4,890.0,177.0,0
OO,7806.0,COD,SLC,1,776.0,89.0,0
WN,2038.0,STL,OKC,2,1185.0,95.0,1
WN,1768.0,TUS,ABQ,1,360.0,60.0,0
WN,764.0,PHX,PDX,5,1190.0,175.0,1
WN,2992.0,STL,BNA,7,845.0,60.0,0
DL,1464.0,MSP,DCA,4,445.0,147.0,0
AA,1917.0,JFK,MCO,1,935.0,185.0,0
AA,1593.0,MCO,MIA,6,720.0,65.0,1
US,933.0,CLT,JAX,4,1075.0,73.0,0
XE,3129.0,IAH,STL,4,935.0,118.0,0
CO,1558.0,IAH,DCA,5,1075.0,170.0,1
YV,2966.0,LAS,SFO,5,570.0,95.0,1
YV,2660.0,CLT,IAD,1,1193.0,82.0,0
DL,1039.0,MSY,LAX,1,450.0,263.0,1
WN,3602.0,MDW,PVD,3,595.0,125.0,0
OO,6268.0,XNA,DEN,1,529.0,130.0,1
B6,1107.0,JFK,RDU,7,1065.0,110.0,0
CO,1172.0,EWR,BOS,5,870.0,70.0,0
DL,1126.0,ATL,EGE,4,600.0,224.0,1
OO,3111.0,CAK,MKE,3,640.0,84.0,1
MQ,3929.0,BDL,ORD,4,1105.0,170.0,0
XE,2474.0,IAH,BNA,3,940.0,109.0,1
FL,36.0,ATL,MDW,2,1100.0,115.0,1
WN,534.0,PHX,TUL,3,1005.0,135.0,1
WN,2397.0,MDW,MCI,2,570.0,90.0,0
AA,1213.0,MSP,DFW,3,1135.0,155.0,0
EV,5497.0,OMA,MEM,1,990.0,101.0,0
UA,478.0,SFO,PDX,1,435.0,115.0,0
CO,527.0,SAN,EWR,4,785.0,308.0,1
OO,4742.0,RAP,MSP,7,940.0,94.0,0
9E,4377.0,DTW,SAV,5,605.0,134.0,1
AA,743.0,DFW,LAX,4,995.0,205.0,1
9E,4166.0,CLE,JFK,4,1020.0,120.0,1
OO,4818.0,SLC,DEN,7,585.0,85.0,1
YV,7246.0,CLT,ORD,7,515.0,129.0,1
WN,200.0,PHX,AUS,2,725.0,135.0,1
B6,662.0,MCO,BUF,2,1104.0,149.0,1
OO,6479.0,DEN,PIT,3,620.0,175.0,0
MQ,4271.0,ORD,RDU,4,600.0,120.0,0
MQ,4519.0,DCA,BNA,3,520.0,120.0,0
MQ,4070.0,ORD,BUF,5,965.0,95.0,0
AA,1725.0,IND,DFW,1,1175.0,145.0,1
MQ,3272.0,PIA,DFW,6,455.0,135.0,0
US,855.0,TPA,DCA,1,1095.0,125.0,0
DL,1425.0,ATL,TPA,4,1145.0,94.0,1
OH,6744.0,CMH,DCA,1,660.0,77.0,1
WN,38.0,HOU,DAL,4,930.0,60.0,0
HA,324.0,LIH,HNL,1,1370.0,30.0,0
AA,1919.0,ATL,DFW,3,1000.0,150.0,0
AA,1144.0,ORD,STL,5,995.0,70.0,0
9E,4003.0,BHM,MEM,5,685.0,74.0,0
WN,55.0,DAL,HOU,5,1200.0,60.0,1
YV,2942.0,CLT,RIC,3,865.0,63.0,0
F9,511.0,DEN,SEA,2,1270.0,174.0,1
WN,861.0,MDW,LAX,2,1040.0,275.0,1
CO,359.0,DCA,IAH,4,1055.0,214.0,1
FL,73.0,ATL,FLL,3,770.0,96.0,0
US,408.0,SFO,PHX,7,1035.0,118.0,0
DL,1439.0,DCA,ATL,2,780.0,122.0,0
WN,3491.0,HOU,LIT,4,695.0,70.0,0
EV,7371.0,MEM,SHV,1,565.0,74.0,0
DL,2082.0,ATL,PHF,3,841.0,94.0,0
MQ,4041.0,BMI,ORD,3,995.0,55.0,0
CO,233.0,LGA,IAH,3,1139.0,237.0,1
AA,1678.0,DFW,BWI,3,490.0,165.0,1
WN,1512.0,MSY,TPA,1,945.0,85.0,1
DL,2285.0,BDL,ATL,1,927.0,162.0,1
AS,160.0,ANC,ADK,4,845.0,187.0,0
OO,6589.0,ORD,FSD,2,1255.0,94.0,0
WN,251.0,RNO,PDX,3,1095.0,90.0,1
EV,5436.0,MLU,MEM,4,1030.0,54.0,0
MQ,2743.0,FAY,DFW,4,370.0,195.0,1
AA,280.0,LAX,MIA,4,550.0,285.0,0
OO,6591.0,DEN,DRO,3,1313.0,62.0,1
AA,2069.0,MIA,MSP,6,1150.0,230.0,0
WN,2285.0,BNA,SAT,3,945.0,150.0,1
OO,6339.0,LAX,SAN,7,1040.0,47.0,0
MQ,2838.0,SAV,DFW,5,440.0,180.0,0
DL,2792.0,SAN,ATL,1,829.0,246.0,0
9E,4120.0,ATL,PHF,4,660.0,109.0,0
9E,4232.0,MSP,DLH,7,675.0,57.0,0
DL,1265.0,ATL,MEM,3,1040.0,89.0,0
UA,98.0,LAS,DEN,3,721.0,117.0,1
WN,169.0,MDW,BWI,2,1230.0,105.0,0
US,661.0,SNA,PHX,6,975.0,75.0,0
OO,6470.0,LAX,SLC,1,1211.0,110.0,0
US,1462.0,ATL,CLT,5,835.0,78.0,0
EV,5233.0,BTR,ATL,6,345.0,103.0,0
CO,491.0,MIA,IAH,4,1083.0,177.0,1
AA,1099.0,IND,DFW,4,475.0,150.0,0
DL,1457.0,SLC,SEA,5,840.0,133.0,1
DL,1099.0,BDL,MCO,1,445.0,183.0,0
OH,6552.0,DTW,PHL,1,740.0,107.0,0
US,610.0,SNA,PHX,3,405.0,89.0,0
WN,2017.0,BOS,PHL,4,1090.0,105.0,1
MQ,3661.0,MIA,IND,2,900.0,165.0,1
B6,607.0,PWM,JFK,2,695.0,74.0,0
WN,3771.0,DEN,MDW,4,485.0,135.0,0
WN,1022.0,BOS,BWI,5,745.0,90.0,0
UA,623.0,DCA,ORD,4,931.0,129.0,0
YV,2778.0,PHX,PSP,2,1095.0,92.0,0
AS,503.0,SNA,SEA,4,720.0,173.0,0
AA,421.0,DFW,AUS,7,525.0,60.0,0
WN,1326.0,MHT,MDW,1,390.0,165.0,0
XE,5942.0,ORD,ICT,7,1255.0,116.0,1
YV,1018.0,HNL,OGG,4,1185.0,35.0,1
OO,6828.0,DRO,DEN,5,700.0,61.0,0
AA,555.0,CMH,DFW,6,420.0,180.0,0
FL,542.0,ATL,PHX,7,1250.0,264.0,1
WN,1252.0,MCO,SAT,7,920.0,185.0,1
WN,528.0,LAS,IND,1,610.0,215.0,1
OO,3044.0,PIT,MKE,5,1119.0,91.0,0
AS,860.0,HNL,SEA,1,550.0,340.0,1
US,621.0,PHX,OAK,3,650.0,123.0,0
UA,830.0,SFO,ORD,2,690.0,251.0,0
OO,6291.0,LAX,ELP,5,761.0,111.0,1
EV,5477.0,OMA,MEM,6,990.0,100.0,1
WN,2292.0,OAK,ONT,1,580.0,70.0,1
UA,361.0,LGA,DEN,4,480.0,276.0,1
XE,2159.0,MEM,IAH,2,910.0,110.0,0
AS,606.0,SEA,LAS,5,595.0,149.0,0
XE,2580.0,CLE,MKE,4,520.0,83.0,0
WN,1234.0,OAK,SAN,4,745.0,85.0,1
US,1866.0,ATL,CLT,5,940.0,76.0,0
DL,1216.0,SLC,BOS,4,1030.0,275.0,1
DL,1808.0,DEN,MSP,2,1130.0,116.0,0
UA,576.0,DEN,OKC,1,610.0,97.0,0
OO,4540.0,SLC,MSO,3,585.0,92.0,1
AA,1820.0,IAH,DFW,1,725.0,65.0,1
XE,2545.0,ALB,CLE,1,1020.0,87.0,0
XE,2716.0,CAE,IAH,1,1056.0,169.0,0
9E,4349.0,MEM,ICT,1,825.0,98.0,0
WN,1593.0,BWI,PIT,1,930.0,60.0,1
XE,5986.0,IND,IAD,6,1155.0,95.0,0
WN,3331.0,AUS,LAS,4,1195.0,185.0,1
WN,1265.0,SDF,MDW,2,470.0,75.0,0
UA,99.0,IAD,TPA,6,497.0,146.0,0
EV,5492.0,ATL,GRR,1,1249.0,119.0,1
MQ,4333.0,JFK,PIT,3,895.0,105.0,1
XE,2864.0,ROC,EWR,5,794.0,99.0,1
XE,2824.0,IAH,BHM,4,775.0,93.0,0
EV,5377.0,MLI,ATL,7,735.0,116.0,0
AA,299.0,MIA,LAX,1,490.0,350.0,0
XE,5904.0,OKC,ORD,1,893.0,126.0,0
AA,632.0,LAS,DFW,3,770.0,155.0,1
OO,6409.0,LAX,SBP,3,1161.0,54.0,1
AA,2029.0,LGA,MIA,5,479.0,195.0,0
MQ,3461.0,DFW,GUC,4,605.0,120.0,1
FL,716.0,LGA,CAK,6,655.0,96.0,0
YV,1048.0,LIH,HNL,5,435.0,29.0,0
AS,524.0,SEA,BUR,4,1167.0,147.0,0
WN,860.0,SNA,SMF,1,1090.0,85.0,1
XE,3032.0,IAH,CLT,3,470.0,144.0,0
AA,1599.0,DAY,DFW,5,430.0,175.0,0
US,5.0,PHX,ORD,1,800.0,201.0,1
CO,17.0,EWR,LAX,7,790.0,365.0,1
DL,72.0,ATL,JFK,4,745.0,145.0,0
WN,127.0,FLL,MDW,3,495.0,195.0,0
US,1840.0,CLT,PIT,6,1095.0,89.0,0
UA,531.0,ORD,LAX,3,617.0,284.0,0
DL,1903.0,ATL,LAS,7,810.0,270.0,0
YV,1025.0,HNL,LIH,6,910.0,37.0,0
UA,896.0,ORD,IAD,6,787.0,120.0,0
9E,4128.0,RDU,BDL,1,1140.0,125.0,1
CO,251.0,AUS,EWR,6,605.0,212.0,0
9E,3975.0,DAY,MSP,4,751.0,120.0,0
EV,5568.0,PIT,ATL,5,795.0,125.0,1
WN,1518.0,SNA,SJC,3,515.0,75.0,0
WN,1227.0,DEN,SNA,4,1235.0,155.0,1
WN,1083.0,MDW,MSP,3,420.0,90.0,1
DL,2314.0,ATL,BDL,1,1071.0,145.0,1
MQ,3180.0,SJC,LAX,2,860.0,75.0,0
AA,1467.0,DFW,ELP,1,550.0,105.0,0
US,66.0,LAS,BOS,5,1335.0,292.0,1
WN,947.0,MSY,BNA,1,385.0,85.0,0
B6,464.0,RSW,BOS,4,779.0,178.0,1
FL,936.0,ATL,JAX,4,846.0,67.0,1
OO,6282.0,LAX,IYK,1,665.0,54.0,0
WN,291.0,DAL,SAT,5,545.0,65.0,1
WN,1021.0,HOU,AUS,2,735.0,45.0,1
UA,756.0,SFO,DEN,6,345.0,160.0,1
WN,1580.0,OAK,SAN,4,635.0,85.0,1
XE,2206.0,AMA,IAH,4,659.0,91.0,0
WN,480.0,BOS,BWI,5,430.0,110.0,1
FL,1292.0,GRR,MCO,3,760.0,160.0,0
AS,120.0,ANC,SEA,3,450.0,209.0,1
XE,2544.0,DAL,IAH,1,570.0,65.0,1
XE,2779.0,LIT,IAH,2,1004.0,86.0,0
DL,1865.0,DAY,ATL,4,410.0,110.0,0
9E,4098.0,RDU,JFK,4,420.0,135.0,0
WN,797.0,MDW,TPA,4,875.0,160.0,1
WN,2911.0,MSY,DAL,6,915.0,85.0,1
AA,2225.0,RDU,DFW,2,620.0,190.0,1
B6,177.0,JFK,PHX,1,580.0,340.0,1
US,2040.0,DCA,BOS,3,990.0,91.0,1
WN,2796.0,SAT,PHX,3,775.0,150.0,1
DL,2149.0,DTW,SEA,7,545.0,307.0,0
DL,182.0,SEA,JFK,2,805.0,325.0,0
WN,1511.0,SAN,TUS,6,1070.0,70.0,1
9E,4013.0,CVG,MKE,4,980.0,86.0,0
US,1226.0,EWR,CLT,4,495.0,125.0,0
FL,64.0,ATL,IAD,6,720.0,98.0,0
XE,2339.0,CLE,GRB,7,910.0,83.0,1
WN,48.0,DAL,LIT,3,1160.0,60.0,1
B6,1254.0,IAD,BOS,6,980.0,90.0,0
XE,2619.0,XNA,IAH,5,1067.0,95.0,0
DL,1424.0,ATL,BWI,1,820.0,105.0,1
OO,4598.0,MOT,MSP,4,800.0,90.0,1
XE,2410.0,BTR,IAH,4,405.0,71.0,0
WN,993.0,SAN,TUS,3,1135.0,70.0,1
MQ,3015.0,LAX,SAN,5,715.0,45.0,1
WN,1279.0,HOU,OKC,4,1245.0,80.0,1
US,1214.0,CLT,DTW,2,710.0,117.0,0
OO,6752.0,DEN,ASE,7,1222.0,45.0,0
AA,1790.0,STL,DCA,3,1215.0,105.0,0
XE,2703.0,IAH,MSY,2,1375.0,59.0,0
AA,575.0,MIA,SJU,1,465.0,145.0,0
XE,5895.0,ATW,ORD,4,685.0,60.0,0
MQ,4109.0,DSM,ORD,7,845.0,85.0,1
FL,765.0,PBI,ATL,7,1007.0,107.0,1
WN,1601.0,SNA,LAS,2,530.0,65.0,1
US,1539.0,LGA,CLT,3,390.0,127.0,0
XE,2024.0,IAH,BTR,4,1280.0,61.0,1
WN,1569.0,MCO,STL,1,610.0,155.0,1
US,5.0,ORD,PHL,3,1135.0,119.0,0
UA,205.0,DFW,SFO,7,1197.0,235.0,0
OO,6641.0,DEN,GJT,2,1114.0,53.0,0
EV,5044.0,ATL,CAK,1,505.0,103.0,0
CO,245.0,CLE,IAH,3,770.0,186.0,0
OO,6390.0,SFO,SNA,4,631.0,85.0,0
MQ,2703.0,DFW,MOB,1,565.0,90.0,1
MQ,2866.0,ABI,DFW,1,655.0,50.0,1
DL,1297.0,JFK,ATL,5,360.0,168.0,0
DL,1149.0,LAX,HNL,4,1080.0,369.0,1
WN,2417.0,BWI,RSW,6,905.0,165.0,1
WN,1664.0,PHX,BWI,1,1000.0,250.0,1
AA,1699.0,MCO,ORD,6,690.0,175.0,0
WN,3934.0,MDW,BNA,4,430.0,85.0,0
MQ,4290.0,BNA,ORD,6,660.0,95.0,1
B6,277.0,FLL,SFO,3,1022.0,380.0,1
US,1509.0,CLT,PHX,5,681.0,278.0,1
CO,1174.0,ORD,EWR,4,1100.0,132.0,1
WN,1540.0,LAS,PHX,7,1070.0,65.0,0
DL,2279.0,LGA,FLL,4,895.0,198.0,0
MQ,3357.0,MOB,DFW,2,360.0,115.0,0
FL,477.0,BWI,ATL,5,760.0,125.0,0
WN,2557.0,STL,MDW,1,365.0,65.0,1
OO,4804.0,FAT,SLC,6,780.0,95.0,0
UA,955.0,SFO,SAN,6,985.0,96.0,0
DL,2891.0,SLC,SNA,5,660.0,115.0,1
AA,1358.0,ORD,BOS,2,1340.0,130.0,1
WN,557.0,LAS,ABQ,1,880.0,85.0,1
WN,1380.0,BUF,MCO,5,405.0,170.0,0
UA,462.0,LAX,DEN,7,1193.0,135.0,1
XE,2174.0,IAH,PNS,2,780.0,88.0,1
FL,128.0,TPA,ATL,7,754.0,95.0,0
XE,2638.0,EWR,MHT,1,680.0,67.0,1
US,1011.0,CLT,PBI,7,465.0,110.0,0
DL,1841.0,DTW,TPA,7,425.0,167.0,0
US,484.0,TPA,CLT,1,415.0,98.0,0
WN,1228.0,ORF,JAX,4,985.0,105.0,1
OH,6382.0,DTW,HSV,1,520.0,127.0,0
B6,300.0,LGB,IAD,3,1285.0,273.0,1
FL,726.0,DFW,MKE,7,360.0,131.0,0
DL,2385.0,BOS,CVG,4,365.0,145.0,0
FL,550.0,ATL,BUF,3,926.0,121.0,0
WN,840.0,BWI,TPA,3,1175.0,155.0,1
CO,1869.0,SFO,IAH,4,1055.0,214.0,1
DL,2527.0,ATL,FLL,4,1295.0,114.0,1
OO,6895.0,LIT,DEN,7,535.0,156.0,0
AA,1937.0,BOS,SJU,6,515.0,240.0,0
CO,1694.0,LAX,IAH,7,1100.0,184.0,1
AS,551.0,PSP,SEA,3,615.0,170.0,0
CO,1142.0,EWR,ATL,7,510.0,164.0,0
UA,673.0,LGA,ORD,6,600.0,157.0,1
WN,429.0,MDW,BDL,7,1230.0,120.0,1
US,2170.0,DCA,LGA,2,720.0,70.0,0
OH,6399.0,GSO,ATL,3,1007.0,88.0,0
HA,166.0,HNL,OGG,4,740.0,38.0,1
OO,6862.0,ORD,MBS,7,1071.0,59.0,1
WN,2450.0,TUS,LAS,4,795.0,80.0,1
MQ,4093.0,MQT,GRB,3,405.0,50.0,0
AS,531.0,ONT,SEA,3,1035.0,162.0,0
UA,333.0,PIT,ORD,4,437.0,102.0,1
YV,2853.0,YUM,PHX,5,475.0,68.0,0
FL,849.0,ATL,MCO,2,1009.0,80.0,1
EV,5575.0,ILM,ATL,3,475.0,97.0,1
XE,2350.0,CLE,MKE,3,1005.0,77.0,0
DL,1991.0,ATL,TPA,6,590.0,100.0,0
XE,2983.0,DCA,CLE,2,1110.0,75.0,1
DL,1558.0,HNL,LAX,7,1340.0,319.0,0
WN,195.0,SNA,SFO,4,660.0,85.0,1
EV,5357.0,ATL,MOB,1,890.0,79.0,0
OO,4504.0,SLC,BIL,6,1027.0,82.0,0
9E,3714.0,DTW,CMH,5,1035.0,68.0,0
WN,1305.0,MDW,PHX,2,585.0,235.0,1
MQ,3781.0,LIT,ORD,3,350.0,105.0,0
EV,4995.0,ATL,MLU,6,970.0,95.0,0
WN,2446.0,BUR,SMF,6,550.0,80.0,1
DL,2215.0,DTW,DEN,7,525.0,203.0,0
EV,7066.0,ORD,CAE,2,807.0,109.0,0
9E,3719.0,JFK,RDU,6,580.0,125.0,0
OO,4658.0,BTM,SLC,1,785.0,77.0,0
WN,194.0,PHL,PIT,4,585.0,80.0,0
AA,475.0,EWR,ORD,2,445.0,175.0,0
MQ,2782.0,LEX,DFW,5,385.0,160.0,1
WN,3137.0,LAS,STL,2,1060.0,185.0,1
WN,515.0,STL,LAS,2,695.0,230.0,1
UA,338.0,BOI,DEN,4,1003.0,111.0,0
UA,726.0,DEN,MSP,1,1228.0,121.0,0
WN,907.0,SAT,BWI,5,650.0,190.0,0
OO,6549.0,SFO,SBP,3,1369.0,67.0,1
B6,109.0,BUF,JFK,7,485.0,84.0,0
OH,6438.0,JFK,DTW,5,490.0,136.0,0
DL,2451.0,ATL,SDF,7,1300.0,86.0,1
EV,4995.0,ATL,MLU,5,960.0,97.0,1
AS,224.0,PDX,SFO,7,480.0,117.0,1
YV,2751.0,ABQ,PHX,1,1125.0,90.0,0
F9,612.0,DEN,IND,4,1150.0,140.0,0
9E,3865.0,DTW,PIA,4,1195.0,94.0,0
WN,2880.0,STL,CMH,7,955.0,75.0,0
AA,1486.0,LAS,DFW,5,495.0,160.0,0
US,889.0,MSY,CLT,6,975.0,111.0,1
CO,1578.0,SAT,IAH,3,845.0,55.0,1
AA,1847.0,AUS,DFW,4,570.0,65.0,0
WN,1027.0,MSY,TPA,3,800.0,85.0,0
EV,4970.0,MEM,VPS,7,565.0,89.0,0
DL,2460.0,MIA,ATL,7,605.0,120.0,1
OH,6553.0,LEX,DCA,2,405.0,108.0,0
CO,1041.0,SAN,IAH,2,505.0,185.0,1
XE,2706.0,ABQ,IAH,7,525.0,112.0,0
WN,780.0,STL,DAL,3,1265.0,105.0,1
CO,366.0,SEA,IAH,6,810.0,245.0,1
XE,2992.0,IAH,MEM,4,855.0,85.0,0
AS,51.0,FAI,BRW,2,1088.0,87.0,0
DL,1757.0,ATL,SNA,2,500.0,305.0,0
OO,6244.0,SFO,MFR,6,1360.0,75.0,0
XE,5915.0,ORD,ICT,4,495.0,114.0,0
OH,6307.0,MSP,OKC,2,860.0,125.0,0
FL,1401.0,MCO,ROC,3,884.0,156.0,0
B6,428.0,PBI,BOS,6,1096.0,173.0,1
US,2042.0,DCA,BOS,5,1050.0,92.0,0
OH,6372.0,DTW,PIT,3,605.0,79.0,0
DL,1742.0,SLC,GEG,4,1200.0,112.0,1
WN,530.0,HOU,DEN,4,635.0,150.0,1
WN,342.0,MDW,BWI,5,450.0,110.0,1
CO,611.0,EWR,IAH,1,330.0,233.0,1
WN,2952.0,PHX,BUR,6,850.0,85.0,1
WN,979.0,MSY,HOU,3,420.0,75.0,0
UA,248.0,ORD,DTW,1,1120.0,85.0,0
EV,5436.0,MLU,MEM,3,1022.0,68.0,0
MQ,3767.0,SLC,ORD,7,955.0,200.0,0
WN,2630.0,MDW,DTW,4,1240.0,70.0,1
OO,6632.0,SGF,DEN,3,801.0,131.0,0
WN,335.0,MDW,PVD,1,1230.0,135.0,1
DL,2638.0,ATL,DCA,6,560.0,108.0,0
DL,1214.0,PDX,SLC,2,1000.0,104.0,0
UA,570.0,HNL,DEN,6,1260.0,423.0,0
US,1687.0,LAX,CLT,4,695.0,268.0,1
DL,1282.0,FLL,MEM,4,685.0,160.0,1
AA,621.0,DFW,SEA,4,640.0,260.0,0
CO,599.0,IAH,DEN,3,855.0,149.0,1
B6,608.0,JFK,PWM,3,1340.0,74.0,1
US,859.0,MCO,DCA,1,945.0,122.0,0
DL,1041.0,ATL,PDX,1,1130.0,334.0,1
FL,984.0,ATL,PIT,4,615.0,89.0,0
DL,2946.0,IAH,MSP,5,395.0,165.0,1
WN,1671.0,MDW,MCO,4,1100.0,160.0,0
YV,2609.0,ORF,CLT,1,665.0,88.0,0
WN,3516.0,BOS,MDW,4,1140.0,175.0,1
MQ,4002.0,ORD,XNA,6,935.0,110.0,1
OO,3117.0,CAK,MKE,2,1120.0,84.0,0
AA,513.0,TPA,SJU,5,435.0,165.0,1
OO,6291.0,BFL,LAX,7,538.0,55.0,1
WN,1381.0,BWI,DTW,2,655.0,100.0,1
MQ,3381.0,DFW,JAN,6,475.0,80.0,0
OO,6420.0,DEN,MAF,5,1174.0,96.0,1
OO,7039.0,DEN,HLN,5,683.0,116.0,1
OO,4674.0,BUR,SLC,5,995.0,108.0,1
OO,4577.0,LEX,MSP,4,1130.0,130.0,1
US,651.0,SFO,PHL,3,825.0,312.0,0
B6,680.0,DCA,BOS,3,600.0,80.0,0
US,1494.0,MIA,CLT,5,510.0,127.0,0
WN,1057.0,LAS,DEN,5,810.0,115.0,1
CO,727.0,BWI,IAH,7,723.0,207.0,1
AA,879.0,TUL,DFW,5,425.0,70.0,0
OO,4562.0,SLC,MSO,5,1196.0,100.0,0
EV,5545.0,ATL,GNV,4,1295.0,75.0,1
DL,2014.0,CVG,LGA,7,915.0,117.0,1
YV,7307.0,CHS,IAD,3,876.0,91.0,0
MQ,4232.0,ORD,BUF,2,1275.0,95.0,0
UA,820.0,SFO,SEA,3,765.0,131.0,0
OO,4656.0,MSP,ICT,4,860.0,110.0,1
DL,2088.0,SJC,MSP,4,723.0,231.0,1
WN,2763.0,ISP,MDW,5,590.0,155.0,1
DL,1593.0,DTW,IND,7,825.0,76.0,1
US,1292.0,TPA,CLT,4,1150.0,98.0,0
DL,1792.0,SAN,ATL,6,1365.0,236.0,0
AA,803.0,DFW,MIA,4,540.0,155.0,1
MQ,3399.0,DFW,LEX,2,790.0,125.0,0
MQ,4242.0,CLE,JFK,5,730.0,105.0,1
WN,3394.0,MCI,FLL,5,1055.0,180.0,1
DL,1797.0,ATL,SJC,3,1165.0,332.0,1
9E,4120.0,PHF,ATL,2,800.0,124.0,1
DL,2865.0,BUF,ATL,5,370.0,154.0,0
MQ,4197.0,BNA,ORD,3,750.0,95.0,1
WN,2811.0,DAL,SAT,5,925.0,60.0,1
WN,3122.0,DAL,TUL,6,920.0,55.0,1
US,450.0,PHX,SLC,7,880.0,97.0,0
AA,2344.0,DFW,ORD,1,690.0,135.0,1
US,680.0,CLT,EWR,1,800.0,114.0,1
FL,1967.0,ATL,BWI,7,1255.0,109.0,0
MQ,4016.0,ORD,FWA,6,560.0,55.0,0
OO,6479.0,DEN,PIT,5,620.0,175.0,0
F9,377.0,BOS,MKE,3,360.0,165.0,1
XE,3011.0,IAD,IAH,4,875.0,201.0,1
OO,3099.0,OMA,MKE,1,349.0,81.0,0
WN,2961.0,DEN,PDX,4,1195.0,180.0,0
FL,716.0,CAK,MCO,1,801.0,149.0,1
EV,5522.0,ATL,BHM,1,630.0,56.0,1
UA,129.0,ORD,LAX,3,1230.0,270.0,1
DL,1262.0,MCO,BDL,2,740.0,155.0,0
AA,1488.0,DEN,MIA,3,1435.0,220.0,1
AA,492.0,BUR,DFW,4,695.0,180.0,0
WN,1048.0,DAL,SAT,2,880.0,60.0,1
MQ,4012.0,ORD,MEM,1,580.0,110.0,1
WN,291.0,DAL,SAT,1,545.0,65.0,1
MQ,3786.0,IAH,ORD,1,925.0,155.0,0
DL,2401.0,SLC,PHX,2,1201.0,104.0,1
B6,76.0,PBI,JFK,4,768.0,160.0,1
WN,1334.0,RDU,MDW,4,430.0,125.0,0
9E,4036.0,DTW,GRB,2,920.0,87.0,1
CO,1877.0,PHL,IAH,7,910.0,229.0,1
YV,2692.0,CLT,ORF,2,559.0,67.0,0
OO,6939.0,PDX,SEA,3,530.0,49.0,0
EV,5425.0,ECP,ATL,6,553.0,71.0,0
WN,2780.0,HOU,HRL,6,700.0,60.0,1
US,90.0,EWR,PHX,5,610.0,329.0,0
WN,986.0,SJC,SNA,5,1145.0,75.0,1
XE,2867.0,OKC,IAH,3,1136.0,84.0,0
XE,3092.0,IAH,MCI,7,715.0,108.0,1
AA,532.0,DFW,RDU,5,370.0,145.0,1
DL,2487.0,ATL,MSP,7,885.0,163.0,1
WN,1327.0,SAN,OAK,6,815.0,90.0,0
WN,1285.0,ISP,MCO,4,1065.0,170.0,0
MQ,3262.0,LRD,DFW,7,700.0,80.0,0
UA,455.0,SFO,LAS,5,1359.0,94.0,1
WN,44.0,HOU,DAL,2,1020.0,60.0,1
AA,510.0,PHX,ORD,2,860.0,210.0,1
B6,712.0,SJU,JFK,4,1305.0,236.0,1
US,1183.0,BOS,PHL,7,690.0,94.0,0
WN,2461.0,DEN,AMA,2,675.0,70.0,1
B6,247.0,OAK,LGB,1,360.0,77.0,0
WN,1649.0,MDW,MCI,6,465.0,90.0,1
OO,6524.0,SFO,PDX,5,960.0,103.0,1
WN,823.0,LAX,SMF,4,680.0,85.0,0
MQ,3716.0,ATL,ORD,2,980.0,125.0,0
DL,2104.0,LAX,SLC,5,1083.0,108.0,0
EV,5447.0,SDF,ATL,1,633.0,90.0,1
DL,1050.0,ATL,CHS,5,1055.0,76.0,0
UA,655.0,ORD,MSY,2,1266.0,145.0,1
AA,1215.0,DCA,DFW,3,360.0,210.0,0
WN,2380.0,MDW,LGA,3,1125.0,130.0,0
AA,860.0,MIA,JFK,6,1045.0,185.0,1
US,1631.0,CLT,TPA,3,569.0,102.0,0
DL,2803.0,CVG,MCO,7,560.0,132.0,1
AA,85.0,JFK,SFO,7,930.0,400.0,0
UA,254.0,DEN,ORD,3,1029.0,144.0,0
WN,993.0,DEN,IAD,4,1075.0,185.0,1
AA,1895.0,LGA,MIA,6,360.0,190.0,0
WN,1945.0,MDW,LGA,4,1100.0,130.0,1
XE,2119.0,MCI,IAH,2,622.0,118.0,0
WN,1013.0,PHX,AUS,3,640.0,125.0,0
AA,1331.0,MCI,DFW,5,365.0,105.0,0
WN,2254.0,OAK,DEN,2,1005.0,140.0,0
OO,6475.0,LAX,YUM,2,965.0,70.0,1
MQ,2772.0,XNA,DFW,5,1140.0,75.0,0
WN,2469.0,BWI,ISP,3,1090.0,60.0,1
WN,3089.0,HOU,DAL,6,1020.0,55.0,0
FL,200.0,CAK,ATL,6,360.0,120.0,0
WN,1614.0,SJC,MDW,4,575.0,255.0,1
YV,7299.0,IAD,PVD,5,1030.0,79.0,1
MQ,4336.0,ORD,EVV,3,535.0,65.0,0
US,1025.0,CLT,MIA,1,975.0,121.0,0
YV,2766.0,PHX,SAT,2,795.0,127.0,0
B6,1017.0,BOS,JFK,5,1115.0,85.0,1
FL,159.0,IND,BWI,4,1155.0,100.0,1
WN,1735.0,MDW,MCI,6,510.0,90.0,1
HA,181.0,ITO,HNL,5,771.0,49.0,1
B6,562.0,FLL,SWF,7,1165.0,171.0,1
UA,271.0,DEN,ONT,5,1300.0,142.0,0
US,1774.0,CLT,DTW,3,1335.0,98.0,1
AA,664.0,FLL,JFK,3,705.0,170.0,0
YV,7244.0,IAD,CLT,2,521.0,94.0,0
FL,368.0,ATL,LGA,3,620.0,134.0,0
OO,6735.0,MSO,DEN,3,792.0,112.0,0
9E,3929.0,AZO,MSP,5,445.0,106.0,0
OH,6606.0,DTW,AZO,4,1165.0,56.0,1
MQ,4130.0,MDT,ORD,5,995.0,135.0,0
US,574.0,SMF,PHX,6,755.0,104.0,0
AA,1062.0,MCI,DFW,2,855.0,100.0,0
DL,2544.0,SMF,MSP,4,725.0,218.0,1
DL,2444.0,LAS,CVG,3,684.0,226.0,0
OO,6861.0,LAX,LAS,4,1192.0,70.0,0
FL,641.0,DEN,MKE,3,892.0,143.0,1
OO,6264.0,SFO,SBP,1,461.0,68.0,1
DL,47.0,ATL,BOS,6,1140.0,155.0,0
XE,5941.0,TUL,ORD,2,360.0,113.0,0
US,156.0,OAK,PHX,1,555.0,112.0,0
EV,5573.0,ATL,XNA,4,897.0,119.0,1
AA,1131.0,MCO,ORD,1,860.0,170.0,1
WN,489.0,PIT,MCO,5,785.0,140.0,1
WN,2280.0,RDU,FLL,3,650.0,125.0,1
XE,2154.0,LBB,IAH,5,800.0,92.0,1
OH,6274.0,IND,MSP,2,575.0,123.0,1
UA,415.0,DEN,SFO,1,624.0,173.0,1
EV,5193.0,PIT,CVG,7,700.0,71.0,1
UA,19.0,JFK,SFO,3,1152.0,403.0,0
HA,525.0,OGG,HNL,1,645.0,34.0,0
WN,301.0,PHX,SNA,7,555.0,80.0,0
OO,7028.0,LAX,JAC,4,720.0,151.0,1
DL,1996.0,MSP,LGA,2,425.0,170.0,0
US,353.0,PHX,MSP,5,950.0,181.0,0
YV,2730.0,MEM,PHX,2,450.0,223.0,0
CO,53.0,LAX,IAH,1,880.0,190.0,1
OH,6576.0,LEX,DTW,7,912.0,80.0,1
OO,6706.0,OMA,ORD,2,879.0,96.0,0
WN,2892.0,MDW,PHL,4,420.0,125.0,1
DL,101.0,LAX,ATL,5,622.0,252.0,1
DL,2206.0,ATL,CLT,5,1235.0,82.0,0
UA,849.0,PHL,LAX,1,1105.0,375.0,0
OO,6747.0,SFO,SMF,2,574.0,43.0,0
CO,282.0,IAH,BOS,4,470.0,218.0,1
AA,1285.0,DFW,SNA,7,890.0,195.0,1
FL,64.0,ATL,IAD,4,788.0,98.0,0
EV,5590.0,ATL,BHM,5,690.0,55.0,0
EV,5144.0,GNV,ATL,5,871.0,79.0,0
UA,436.0,SNA,ORD,7,540.0,239.0,0
CO,1496.0,LAS,IAH,2,60.0,163.0,1
AA,2410.0,LAX,DFW,2,370.0,185.0,0
XE,2417.0,OKC,IAH,5,470.0,85.0,0
US,415.0,PHX,SFO,2,1270.0,129.0,0
WN,152.0,ISP,MDW,5,575.0,155.0,1
DL,2935.0,DTW,MSP,2,925.0,115.0,0
EV,5346.0,OMA,ATL,7,835.0,135.0,1
WN,1071.0,SNA,SJC,7,925.0,75.0,1
WN,330.0,HOU,LAX,3,565.0,225.0,1
EV,5475.0,ATL,CSG,5,975.0,44.0,0
FL,1439.0,MSP,MCO,1,884.0,189.0,0
EV,5609.0,MEM,OMA,3,830.0,107.0,0
AA,466.0,SAT,DFW,3,1105.0,70.0,0
B6,115.0,JFK,MSY,1,1248.0,211.0,1
OO,4585.0,SLC,GJT,3,1206.0,64.0,0
MQ,4455.0,JFK,DCA,3,960.0,90.0,1
AA,2076.0,LAS,DFW,4,570.0,155.0,1
UA,515.0,ORD,SMF,3,1235.0,268.0,1
WN,1751.0,HOU,STL,3,390.0,115.0,1
DL,2093.0,MSP,SNA,1,705.0,237.0,0
WN,1261.0,DEN,PDX,6,785.0,175.0,1
WN,1914.0,ALB,FLL,4,440.0,200.0,0
WN,1686.0,PHL,FLL,1,875.0,175.0,0
OO,6640.0,ORD,ASE,5,1079.0,170.0,1
MQ,4133.0,ORD,PIT,2,1000.0,90.0,0
9E,4053.0,SAV,LGA,4,764.0,141.0,0
DL,1155.0,ATL,JAX,2,1312.0,71.0,0
US,1095.0,RDU,PHL,5,940.0,98.0,0
AA,1769.0,LGA,MIA,7,550.0,200.0,0
WN,1057.0,DEN,HOU,4,1015.0,140.0,1
CO,1790.0,IAH,MIA,3,810.0,146.0,1
UA,89.0,ORD,LAX,5,548.0,278.0,0
AA,407.0,ORD,STL,4,405.0,65.0,1
DL,2031.0,ATL,TUS,3,1191.0,254.0,1
AA,1314.0,MSY,MIA,4,1085.0,110.0,1
OH,6389.0,CVG,BDL,5,1140.0,118.0,1
WN,1472.0,LAX,PHX,4,505.0,75.0,1
UA,158.0,SFO,ORD,1,1375.0,255.0,1
MQ,3502.0,GUC,DFW,1,975.0,110.0,0
DL,1557.0,SLC,SEA,2,1290.0,135.0,1
WN,150.0,HOU,MAF,3,540.0,85.0,1
EV,5062.0,GSO,ATL,5,585.0,90.0,0
OO,6262.0,SFO,ACV,4,1150.0,78.0,0
MQ,4648.0,RDU,LGA,3,1040.0,100.0,0
AA,2045.0,DCA,ORD,4,1220.0,125.0,1
F9,100.0,DEN,MSP,3,947.0,113.0,1
US,1890.0,PBI,CLT,4,900.0,112.0,1
AA,430.0,DFW,STL,5,430.0,90.0,0
AA,1124.0,MIA,LGA,5,585.0,165.0,0
OH,6347.0,JFK,DFW,5,1135.0,275.0,1
UA,641.0,BWI,ORD,2,540.0,135.0,0
XE,2946.0,JAX,EWR,4,375.0,132.0,0
9E,4103.0,DTW,DAY,1,530.0,70.0,1
US,1032.0,CLT,ABE,6,1205.0,99.0,1
WN,1335.0,PHX,PDX,6,1085.0,175.0,1
DL,1574.0,SAV,ATL,7,510.0,84.0,0
WN,52.0,DAL,MCI,2,1225.0,85.0,0
MQ,3720.0,ORD,ATL,4,1265.0,120.0,1
DL,1699.0,PIT,ATL,4,802.0,123.0,0
EV,5002.0,ATL,OAJ,4,720.0,77.0,0
AA,2364.0,DFW,ORD,1,1040.0,145.0,0
CO,1700.0,FLL,EWR,2,480.0,165.0,0
DL,2779.0,LGA,FLL,4,1135.0,200.0,0
US,1717.0,PHL,PBI,3,1075.0,168.0,0
EV,5238.0,ATL,GSP,2,906.0,59.0,0
B6,1149.0,PWM,MCO,4,1000.0,196.0,1
MQ,4232.0,ORD,BUF,2,1275.0,95.0,1
US,1433.0,BOS,CLT,5,375.0,152.0,0
WN,3915.0,AUS,HOU,2,375.0,50.0,0
WN,825.0,PHL,TPA,7,1070.0,175.0,0
EV,4984.0,DCA,BOS,6,475.0,95.0,0
HA,262.0,HNL,ITO,2,960.0,51.0,1
WN,2025.0,ONT,SJC,7,575.0,70.0,0
DL,2447.0,LGA,ATL,7,960.0,162.0,1
B6,611.0,JFK,JAX,7,480.0,154.0,0
US,1663.0,PVD,CLT,1,1020.0,134.0,1
DL,2428.0,MCO,DTW,6,1105.0,160.0,1
WN,1635.0,CMH,MDW,6,950.0,70.0,0
DL,2096.0,MSP,LGA,1,600.0,161.0,1
UA,206.0,ORD,MCO,6,561.0,168.0,1
WN,3232.0,FLL,PVD,5,555.0,175.0,0
WN,310.0,MDW,JAN,3,880.0,120.0,1
OO,6892.0,MLI,ORD,1,1164.0,56.0,1
AS,515.0,SNA,SEA,3,420.0,175.0,0
OH,6367.0,DTW,BOS,6,1060.0,121.0,1
OH,6576.0,LEX,DTW,5,912.0,80.0,0
EV,5258.0,ICT,ATL,1,1050.0,125.0,1
HA,116.0,HNL,OGG,6,480.0,37.0,0
UA,524.0,ORD,BOS,4,360.0,136.0,0
UA,390.0,IAH,DEN,2,1139.0,163.0,1
AA,721.0,LGA,DFW,7,555.0,260.0,0
WN,705.0,OMA,STL,3,1030.0,70.0,1
OO,6665.0,DEN,EUG,6,1120.0,171.0,0
XE,5997.0,ORD,CID,7,737.0,54.0,0
B6,716.0,SJU,JFK,1,685.0,243.0,0
WN,882.0,ORF,JAX,7,930.0,105.0,1
OO,4575.0,SLC,SMF,6,521.0,105.0,0
AA,1188.0,DFW,DCA,2,1050.0,160.0,0
DL,2727.0,ATL,FLL,3,735.0,115.0,0
UA,70.0,DEN,IAD,4,1184.0,196.0,1
OO,6632.0,DEN,SGF,3,608.0,107.0,1
UA,226.0,SFO,BOS,4,360.0,342.0,0
AA,419.0,BOS,DFW,1,385.0,270.0,0
B6,527.0,EWR,MCO,3,550.0,176.0,0
AA,1375.0,BDL,SJU,7,460.0,225.0,1
DL,1616.0,DEN,ATL,5,440.0,168.0,0
WN,1259.0,BWI,BNA,3,430.0,120.0,0
AS,363.0,SMF,SEA,5,1055.0,115.0,0
MQ,3705.0,DCA,ORD,4,1100.0,135.0,0
WN,974.0,MDW,PIT,6,1015.0,80.0,1
OO,6287.0,LAS,PSP,4,669.0,64.0,0
CO,1455.0,PBI,EWR,6,435.0,165.0,0
DL,2840.0,LAS,SLC,2,833.0,82.0,0
AA,2301.0,ORD,DFW,3,360.0,150.0,0
OO,6251.0,DEN,MSN,4,606.0,129.0,1
YV,2727.0,PSP,PHX,1,405.0,66.0,0
WN,726.0,DEN,STL,5,510.0,120.0,0
WN,1319.0,SAN,LAS,5,630.0,70.0,0
DL,1163.0,EWR,DTW,1,420.0,128.0,0
AA,635.0,MIA,DFW,4,560.0,195.0,0
CO,626.0,IAH,BWI,3,445.0,173.0,0
DL,2395.0,PBI,LGA,6,695.0,176.0,0
XE,2179.0,PNS,IAH,3,900.0,102.0,0
DL,1766.0,ATL,FNT,3,1248.0,116.0,1
US,1546.0,PHX,CLT,7,890.0,230.0,0
UA,654.0,DFW,ORD,5,785.0,140.0,0
DL,1492.0,MSP,BOS,3,780.0,170.0,1
XE,3005.0,IAH,CRP,3,1055.0,59.0,0
MQ,3339.0,DFW,AEX,1,920.0,65.0,0
B6,745.0,MCO,SJU,1,855.0,159.0,1
B6,1227.0,BOS,RDU,1,1210.0,123.0,1
AA,1610.0,STL,ORD,3,525.0,75.0,0
FL,1418.0,RSW,CAK,2,1097.0,149.0,1
MQ,3607.0,MIA,ATL,1,445.0,120.0,0
US,1602.0,CLT,RDU,6,1189.0,48.0,0
CO,810.0,IAH,EWR,7,790.0,210.0,1
9E,3662.0,MSP,BNA,6,1145.0,138.0,0
DL,2623.0,MSP,MCO,1,785.0,190.0,1
US,1634.0,TPA,CLT,1,720.0,100.0,0
WN,799.0,LAX,SFO,2,360.0,80.0,0
US,1472.0,PHL,PVD,3,580.0,69.0,1
OO,6981.0,TUS,DEN,2,824.0,110.0,0
YV,2915.0,PSP,PHX,2,557.0,68.0,0
OH,6740.0,DCA,JAX,5,779.0,126.0,1
WN,272.0,SAN,TUS,7,850.0,70.0,1
DL,2943.0,EWR,ATL,4,765.0,146.0,0
MQ,3669.0,MIA,PIT,1,1290.0,165.0,1
MQ,4019.0,ORD,MDT,6,845.0,105.0,1
9E,4236.0,CLT,CVG,5,1065.0,99.0,0
9E,4011.0,LEX,MEM,7,1060.0,84.0,1
9E,3722.0,PWM,DTW,2,742.0,138.0,0
MQ,4265.0,SGF,ORD,3,890.0,100.0,0
YV,2757.0,DSM,PHX,3,890.0,185.0,0
US,1731.0,PHL,ORD,5,695.0,141.0,0
WN,152.0,SJC,AUS,6,680.0,200.0,1
OO,6281.0,PSP,SFO,3,360.0,91.0,0
EV,5001.0,DTW,OMA,7,935.0,140.0,0
CO,1835.0,EWR,PHX,6,1221.0,336.0,1
DL,1693.0,SNA,ATL,3,755.0,255.0,1
FL,688.0,ICT,ATL,5,748.0,122.0,0
WN,3137.0,SMF,LAS,2,945.0,80.0,1
OO,3099.0,MKE,IND,4,460.0,64.0,1
DL,1257.0,RDU,ATL,4,510.0,94.0,1
UA,502.0,ORD,LGA,4,1085.0,136.0,0
YV,2665.0,CVG,CLT,3,930.0,86.0,1
OO,6274.0,DEN,BFL,4,1100.0,152.0,1
WN,519.0,RSW,MCO,4,770.0,50.0,0
DL,2736.0,MEM,LGA,6,860.0,159.0,1
AA,657.0,BWI,DFW,5,1110.0,220.0,0
WN,1117.0,MDW,PHL,3,765.0,120.0,1
DL,1281.0,MIA,MEM,7,420.0,160.0,0
OO,6437.0,PDX,SEA,3,780.0,50.0,0
CO,1890.0,SNA,IAH,1,525.0,184.0,1
WN,778.0,MDW,OMA,2,440.0,90.0,1
XE,2521.0,STL,EWR,3,1151.0,135.0,1
DL,1487.0,MSP,SLC,4,1315.0,172.0,1
AA,1295.0,MCO,LAX,1,775.0,335.0,0
CO,763.0,IAH,MSY,3,1020.0,67.0,1
EV,5226.0,ATL,AVL,3,510.0,61.0,0
WN,990.0,PHL,MDW,7,1185.0,160.0,1
DL,1558.0,HNL,LAX,1,1300.0,322.0,0
EV,5486.0,CHS,ATL,7,761.0,82.0,0
OO,4789.0,LAX,SAN,5,1120.0,47.0,0
WN,3224.0,CLE,MDW,5,515.0,85.0,1
WN,1548.0,SEA,OAK,4,930.0,125.0,1
DL,315.0,ATL,MCI,3,790.0,130.0,0
B6,728.0,BQN,JFK,5,335.0,231.0,0
UA,36.0,SFO,SAN,1,360.0,94.0,0
UA,321.0,DEN,JAC,3,695.0,100.0,1
YV,2903.0,PHX,GJT,3,589.0,94.0,0
CO,550.0,EWR,AUS,7,1170.0,256.0,1
MQ,4082.0,ORD,ICT,4,1115.0,120.0,1
WN,863.0,MDW,RSW,5,795.0,175.0,1
WN,238.0,SAN,SMF,1,895.0,95.0,0
EV,7121.0,IAD,PNS,5,1139.0,152.0,1
WN,2772.0,DAL,SAT,5,555.0,65.0,0
F9,171.0,DEN,TUS,2,487.0,114.0,1
XE,2654.0,IAH,BRO,1,1285.0,69.0,0
F9,773.0,DEN,LAS,7,1095.0,118.0,1
OO,4693.0,FAR,MSP,4,1135.0,62.0,0
MQ,2748.0,DFW,GSP,1,475.0,125.0,0
WN,790.0,OKC,STL,1,960.0,85.0,1
MQ,2937.0,DFW,AEX,4,1195.0,65.0,0
EV,7332.0,BNA,ATL,5,1095.0,76.0,0
WN,644.0,BUR,SJC,2,990.0,65.0,0
UA,707.0,ORD,DEN,3,366.0,164.0,0
AA,1380.0,DFW,IND,3,950.0,120.0,0
XE,2709.0,DAL,IAH,3,630.0,62.0,0
WN,411.0,DEN,AUS,2,1195.0,125.0,1
DL,2216.0,LAS,DTW,5,1420.0,229.0,0
OO,4655.0,MSP,RST,7,1140.0,42.0,1
HA,165.0,OGG,HNL,4,806.0,34.0,0
UA,664.0,SFO,ORD,6,360.0,251.0,0
OO,6499.0,LAX,SJC,6,541.0,69.0,1
US,432.0,PHX,OGG,1,700.0,396.0,1
AA,477.0,DFW,ABQ,5,845.0,110.0,0
MQ,4238.0,CMH,ORD,6,490.0,95.0,0
DL,2489.0,ATL,MSY,7,585.0,110.0,1
WN,3764.0,BHM,STL,3,685.0,80.0,0
WN,3238.0,MDW,LGA,5,475.0,150.0,1
OO,6580.0,SFO,MFR,6,700.0,101.0,1
AA,874.0,ORD,BOS,2,1150.0,135.0,0
WN,2780.0,HOU,HRL,6,700.0,60.0,1
DL,2156.0,DTW,IND,1,930.0,70.0,0
CO,51.0,EWR,CLE,6,930.0,90.0,1
MQ,2967.0,DFW,BTR,3,845.0,80.0,1
US,75.0,JFK,PHX,6,599.0,338.0,0
XE,2492.0,IAH,RDU,4,950.0,149.0,0
9E,4104.0,AUS,MEM,3,709.0,110.0,0
XE,3148.0,PVD,CLE,4,580.0,113.0,0
WN,581.0,JAX,TPA,4,1000.0,55.0,1
WN,793.0,DEN,ABQ,4,1290.0,75.0,1
OO,6432.0,SLC,DEN,4,615.0,85.0,0
MQ,4121.0,ORD,TRI,3,785.0,115.0,1
EV,5283.0,ATL,ILM,7,885.0,78.0,1
UA,424.0,TPA,IAD,6,540.0,135.0,0
B6,28.0,TPA,JFK,5,1115.0,155.0,0
US,1433.0,BOS,CLT,4,375.0,152.0,0
WN,1884.0,SEA,LAS,4,570.0,150.0,0
WN,320.0,MCI,LAS,5,930.0,195.0,1
WN,837.0,SAN,PHX,2,1190.0,70.0,1
CO,1623.0,IAH,MSY,5,525.0,68.0,0
AA,22.0,LAX,JFK,4,900.0,315.0,0
XE,2122.0,IAH,MSP,3,957.0,168.0,1
CO,757.0,CLE,LAS,4,1005.0,268.0,0
UA,673.0,ORD,DFW,3,742.0,159.0,1
WN,1921.0,BHM,BNA,3,570.0,50.0,0
EV,7098.0,JFK,IAD,5,612.0,81.0,0
9E,3829.0,ABE,DTW,3,747.0,113.0,1
UA,803.0,RDU,IAD,2,622.0,68.0,0
DL,1075.0,RDU,ATL,2,660.0,87.0,1
FL,648.0,PBI,BWI,4,695.0,135.0,0
WN,1130.0,MDW,MSP,4,1160.0,90.0,1
WN,1893.0,TUS,SAN,6,645.0,75.0,1
WN,1243.0,STL,MDW,1,1155.0,60.0,1
DL,2474.0,STL,ATL,1,755.0,98.0,0
OO,6756.0,SFO,SMF,1,1386.0,47.0,0
US,1464.0,TPA,CLT,5,930.0,100.0,0
US,1702.0,CLT,BDL,3,980.0,114.0,0
AS,190.0,FAI,ANC,5,1050.0,62.0,1
US,833.0,RIC,CLT,6,420.0,76.0,0
9E,3889.0,ORD,ATL,2,619.0,132.0,1
WN,2107.0,TUS,SAN,5,670.0,75.0,0
UA,726.0,DEN,MSP,5,1250.0,122.0,0
DL,1533.0,BDL,FLL,6,942.0,197.0,1
AA,469.0,STL,MIA,5,710.0,160.0,1
EV,5339.0,ATL,BTR,1,555.0,100.0,1
CO,1445.0,CLE,IAH,1,1255.0,184.0,0
UA,609.0,ORD,SFO,4,721.0,291.0,1
WN,179.0,AUS,BWI,3,960.0,180.0,1
UA,164.0,ORD,MCO,5,457.0,162.0,0
OO,7012.0,SLC,ORD,5,673.0,188.0,0
MQ,3061.0,LAX,SAN,4,945.0,45.0,0
B6,1206.0,RSW,HPN,4,650.0,160.0,1
FL,104.0,DFW,ATL,3,657.0,125.0,0
WN,1585.0,MDW,CMH,4,390.0,70.0,0
DL,1898.0,FLL,LGA,2,1139.0,181.0,1
OO,6358.0,SBA,LAX,1,1186.0,44.0,0
B6,248.0,LGB,OAK,1,837.0,76.0,0
OO,6956.0,DEN,HSV,1,1170.0,146.0,0
FL,1185.0,TPA,GRR,5,754.0,160.0,1
UA,473.0,ORD,SNA,3,1206.0,269.0,1
EV,5085.0,ATL,EWN,5,856.0,81.0,1
B6,1758.0,SJU,FLL,6,796.0,164.0,0
DL,2399.0,ATL,RIC,3,758.0,92.0,0
US,1840.0,CLT,PIT,4,1090.0,89.0,0
EV,5426.0,SGF,ATL,7,731.0,108.0,1
DL,2093.0,BDL,MSP,4,495.0,183.0,0
AA,1482.0,MIA,BOS,1,610.0,185.0,0
EV,4952.0,ATL,ELP,1,700.0,209.0,1
AA,1669.0,DFW,SNA,1,525.0,195.0,0
OO,6635.0,SFO,CIC,2,739.0,55.0,1
DL,1224.0,SMF,SLC,3,780.0,95.0,1
DL,1240.0,ATL,SDF,6,1221.0,78.0,1
WN,596.0,LAS,PHX,7,630.0,70.0,1
OO,6858.0,SAN,DEN,2,1046.0,134.0,0
US,1505.0,CLT,PHX,3,451.0,288.0,0
UA,942.0,LAX,ORD,3,668.0,242.0,0
UA,155.0,MSP,ORD,5,1025.0,84.0,0
AS,114.0,ANC,SEA,3,150.0,200.0,0
AS,35.0,BOS,PDX,2,985.0,394.0,0
OH,6506.0,MSP,DFW,1,790.0,164.0,1
AA,222.0,LAX,BOS,5,445.0,320.0,1
EV,5186.0,BOS,DCA,4,995.0,110.0,0
9E,3708.0,SAV,ATL,7,1091.0,89.0,1
9E,3804.0,DTW,ABE,2,1305.0,94.0,1
WN,379.0,OAK,SEA,1,370.0,125.0,0
DL,2393.0,DTW,MSP,4,730.0,122.0,0
EV,5039.0,ATL,JAN,3,570.0,85.0,0
XE,2710.0,DCA,EWR,2,1260.0,70.0,1
XE,2002.0,LFT,IAH,5,670.0,75.0,0
WN,1429.0,ONT,SJC,5,510.0,70.0,1
DL,1509.0,IND,MSP,2,410.0,118.0,1
US,1719.0,CLT,MCO,3,1200.0,99.0,1
DL,1188.0,SAT,ATL,6,1051.0,133.0,0
AA,358.0,ORD,LGA,7,940.0,130.0,1
MQ,2718.0,DSM,DFW,4,600.0,125.0,0
MQ,2793.0,FSD,DFW,5,465.0,150.0,1
AA,589.0,DFW,OKC,3,1000.0,55.0,0
DL,2477.0,LAX,OGG,2,1062.0,352.0,1
AA,127.0,JFK,SAN,4,1125.0,370.0,0
B6,436.0,MCO,BOS,2,1250.0,159.0,1
OH,6601.0,MCO,RDU,3,1175.0,111.0,1
FL,1098.0,MCO,IND,5,1139.0,139.0,1
MQ,4113.0,CMH,ORD,7,835.0,85.0,1
FL,1485.0,DTW,MCO,2,698.0,154.0,0
AA,30.0,LAX,JFK,5,1425.0,314.0,0
WN,3685.0,LAS,BHM,1,565.0,205.0,1
UA,703.0,ORD,IAH,4,1260.0,169.0,0
OO,6350.0,SFO,ONT,4,693.0,79.0,1
B6,21.0,JFK,TPA,4,1170.0,191.0,1
AA,1312.0,SJU,BDL,7,1140.0,240.0,0
WN,732.0,LBB,DAL,1,1175.0,60.0,1
MQ,3616.0,IND,MIA,5,420.0,170.0,1
WN,667.0,HOU,TPA,3,500.0,120.0,0
AA,1634.0,SAT,ORD,3,885.0,160.0,1
WN,1242.0,TPA,MKE,7,685.0,170.0,1
MQ,4203.0,ORD,CMH,3,405.0,75.0,0
DL,1887.0,PWM,ATL,4,1069.0,196.0,0
OO,6379.0,SBP,LAX,3,557.0,62.0,0
US,1790.0,CLT,TPA,5,1340.0,97.0,1
AA,1112.0,MIA,EWR,5,605.0,170.0,1
EV,5026.0,EYW,ATL,5,1045.0,125.0,1
MQ,3615.0,MIA,CLE,6,520.0,170.0,0
UA,820.0,SFO,SEA,2,765.0,131.0,0
B6,1056.0,PIT,JFK,3,1066.0,104.0,0
US,865.0,PHL,MCO,3,1240.0,154.0,1
UA,988.0,DEN,LAX,7,492.0,149.0,0
DL,1774.0,SAV,ATL,4,1148.0,80.0,1
DL,2616.0,LAS,DTW,1,590.0,240.0,1
XE,5939.0,SDF,ORD,5,833.0,82.0,0
EV,4957.0,ATL,MOB,2,1366.0,74.0,0
AS,667.0,SJC,PDX,2,1080.0,108.0,1
9E,3720.0,TYS,DTW,3,435.0,108.0,0
XE,5907.0,CVG,ORD,7,1189.0,86.0,0
YV,2730.0,FAT,PHX,2,510.0,97.0,0
WN,885.0,LGA,MDW,4,360.0,150.0,1
WN,1116.0,BDL,LAS,7,810.0,355.0,1
AA,1981.0,ATL,DFW,1,705.0,150.0,0
US,1694.0,TPA,PHL,3,475.0,148.0,1
US,77.0,STL,PHX,7,1070.0,209.0,0
AA,2042.0,DFW,FLL,5,385.0,150.0,0
XE,2643.0,EWR,ATL,3,809.0,157.0,0
FL,1621.0,PHL,MCO,1,420.0,150.0,0
AA,592.0,DFW,JAX,2,685.0,130.0,0
DL,2717.0,MEM,LAX,7,825.0,257.0,0
CO,159.0,DCA,IAH,4,1165.0,209.0,1
DL,1071.0,MKE,MSP,7,400.0,84.0,1
US,1222.0,DFW,CLT,4,625.0,142.0,0
MQ,3344.0,DFW,PNS,1,815.0,100.0,0
DL,2340.0,SFO,JFK,5,1350.0,330.0,0
YV,7289.0,RDU,IAD,5,870.0,63.0,0
B6,1245.0,BOS,CLT,7,535.0,144.0,0
EV,5303.0,ATL,MGM,1,1245.0,62.0,0
9E,4086.0,TVC,MSP,1,776.0,100.0,0
WN,1001.0,MSY,FLL,4,1110.0,105.0,1
AA,1086.0,DFW,HSV,6,1175.0,95.0,0
EV,5334.0,ABY,ATL,2,660.0,58.0,1
CO,1573.0,AUS,IAH,3,420.0,56.0,1
WN,1615.0,MDW,BWI,3,1155.0,110.0,1
WN,31.0,LBB,DAL,4,750.0,65.0,0
OO,6696.0,LAX,PDX,1,985.0,141.0,1
US,1922.0,RSW,PHL,1,365.0,156.0,0
MQ,4235.0,ORD,DSM,5,570.0,75.0,0
UA,554.0,SAN,IAD,4,780.0,290.0,0
OO,4454.0,FCA,MSP,2,840.0,160.0,0
AS,2.0,SEA,DCA,3,855.0,284.0,1
OO,6536.0,LAX,PSP,2,508.0,52.0,1
AA,846.0,STT,MIA,5,535.0,180.0,0
FL,1244.0,FNT,MCO,3,428.0,174.0,0
EV,5102.0,GPT,ATL,3,823.0,80.0,1
AA,1826.0,PSP,DFW,5,885.0,170.0,1
WN,943.0,LAS,BNA,3,1105.0,210.0,1
9E,3669.0,SGF,MEM,5,390.0,75.0,0
DL,2632.0,SNA,SLC,4,405.0,132.0,0
MQ,4499.0,DTW,LGA,4,360.0,100.0,0
FL,929.0,MCI,ATL,4,1043.0,117.0,1
XE,2206.0,AMA,IAH,1,688.0,92.0,0
DL,1040.0,ATL,MSY,5,745.0,95.0,1
XE,3030.0,CRP,IAH,2,388.0,59.0,0
US,610.0,SNA,PHX,6,405.0,89.0,0
B6,708.0,SJU,JFK,3,893.0,246.0,1
EV,5345.0,ATL,SHV,7,1290.0,116.0,1
DL,1442.0,ATL,MSP,4,520.0,179.0,1
AA,1847.0,AUS,DFW,3,570.0,65.0,0
WN,1425.0,BNA,FLL,4,1105.0,130.0,1
OO,4540.0,MSO,SLC,7,708.0,82.0,0
AA,364.0,DFW,PBI,3,1180.0,150.0,1
AS,73.0,SIT,JNU,7,365.0,45.0,1
DL,2037.0,BWI,DTW,6,765.0,95.0,0
WN,1814.0,MSY,MCO,7,970.0,100.0,1
CO,1702.0,EWR,SFO,5,660.0,380.0,1
MQ,3703.0,ORD,ATL,2,1060.0,125.0,1
B6,479.0,BOS,LAX,4,1165.0,390.0,0
CO,1687.0,MCO,IAH,1,1075.0,151.0,1
MQ,4372.0,BDL,ORD,6,430.0,170.0,0
AA,791.0,LGA,DFW,3,1229.0,245.0,0
XE,2437.0,RDU,IAH,5,520.0,185.0,0
UA,321.0,PIT,DEN,1,457.0,228.0,1
MQ,3208.0,DFW,GRK,5,510.0,50.0,1
US,632.0,BUR,PHX,5,410.0,87.0,0
WN,966.0,BWI,TPA,3,775.0,150.0,1
OH,6389.0,CVG,BDL,5,1140.0,118.0,1
CO,616.0,IAH,MSP,6,1140.0,168.0,1
YV,2932.0,TUS,PHX,5,480.0,54.0,0
DL,2479.0,CVG,MIA,6,810.0,154.0,1
DL,1522.0,DTW,BOS,5,1180.0,116.0,1
DL,412.0,ATL,BOS,3,1290.0,148.0,0
AA,1275.0,SDF,DFW,1,950.0,145.0,0
WN,276.0,MCO,RDU,7,465.0,95.0,0
AS,551.0,PSP,SEA,7,615.0,170.0,1
OO,6221.0,CMX,ORD,6,383.0,82.0,0
OH,6617.0,GRR,DTW,3,505.0,63.0,0
CO,1702.0,EWR,SFO,6,660.0,380.0,1
MQ,4272.0,TVC,ORD,1,870.0,75.0,0
OH,6693.0,DTW,SDF,4,925.0,93.0,1
9E,4201.0,ATL,DAB,2,795.0,80.0,0
HA,25.0,PDX,HNL,6,605.0,365.0,1
WN,1392.0,ABQ,DAL,4,1110.0,95.0,0
MQ,3251.0,DFW,SHV,5,1345.0,50.0,1
US,1177.0,LGA,CLT,5,605.0,132.0,0
AS,690.0,SEA,GEG,1,720.0,60.0,0
DL,2559.0,DTW,STL,4,535.0,119.0,0
WN,1088.0,SJC,BUR,5,1210.0,60.0,1
XE,5983.0,ORD,MHT,5,823.0,128.0,1
US,1507.0,CLT,PHX,3,577.0,279.0,1
XE,2524.0,CLE,MHT,3,920.0,88.0,0
DL,1127.0,ATL,PBI,7,900.0,108.0,1
B6,1304.0,IAD,JFK,1,451.0,73.0,0
MQ,4297.0,MLI,ORD,1,655.0,55.0,0
EV,5487.0,BNA,ATL,7,960.0,70.0,1
OO,4839.0,ABQ,SLC,1,660.0,94.0,0
MQ,4316.0,ORD,TUL,3,735.0,120.0,0
AA,1624.0,LAX,ORD,5,885.0,245.0,1
WN,856.0,PHX,SJC,1,585.0,125.0,1
US,1768.0,CLT,DCA,5,990.0,80.0,1
OO,4594.0,DFW,SLC,7,765.0,170.0,1
YV,7263.0,ATL,IAD,2,360.0,100.0,0
DL,2075.0,BUF,ATL,5,1098.0,147.0,0
UA,815.0,DEN,LAX,1,1290.0,159.0,0
US,2136.0,LGA,BOS,7,1020.0,72.0,0
9E,4332.0,MEM,ATL,1,716.0,88.0,0
B6,78.0,MCO,JFK,1,1130.0,154.0,1
WN,2621.0,AUS,LAX,1,1110.0,205.0,0
FL,619.0,MSY,MKE,7,1080.0,135.0,0
XE,5919.0,ORD,GRB,1,790.0,53.0,0
WN,2774.0,MCO,MDW,6,525.0,175.0,0
WN,134.0,SAN,DEN,1,395.0,140.0,1
UA,794.0,ORD,BUF,7,872.0,97.0,0
XE,2109.0,EWR,DTW,3,870.0,119.0,0
MQ,3661.0,MIA,IND,3,900.0,165.0,1
B6,1149.0,PWM,MCO,7,1000.0,196.0,0
CO,1111.0,EWR,BOS,4,635.0,64.0,1
9E,3854.0,MSP,CLE,7,425.0,115.0,0
AA,324.0,DFW,BNA,6,1315.0,95.0,1
US,1048.0,DFW,CLT,4,835.0,141.0,1
MQ,4134.0,BDL,ORD,4,710.0,165.0,1
FL,1032.0,PIT,RSW,7,510.0,189.0,0
OO,6452.0,DEN,SLC,2,1302.0,91.0,0
XE,2130.0,OMA,EWR,5,427.0,172.0,0
9E,3946.0,MSN,MEM,3,375.0,118.0,1
UA,61.0,IAH,SFO,3,391.0,261.0,0
WN,47.0,DAL,HOU,5,1080.0,65.0,1
B6,987.0,JFK,MCO,3,473.0,170.0,0
WN,1525.0,BDL,BNA,5,455.0,160.0,1
CO,769.0,LAS,EWR,3,480.0,287.0,1
FL,226.0,MKE,LAS,4,1060.0,250.0,0
WN,1070.0,BNA,STL,2,495.0,70.0,0
9E,3733.0,ATL,IAH,1,725.0,140.0,0
UA,336.0,DEN,DSM,7,1049.0,99.0,0
B6,1056.0,PIT,JFK,7,1066.0,104.0,0
YV,7257.0,ORD,CHS,1,1195.0,119.0,1
WN,1778.0,BUF,TPA,6,1030.0,175.0,0
DL,2294.0,GPT,ATL,3,635.0,80.0,0
MQ,3971.0,SPI,ORD,7,860.0,60.0,0
XE,2527.0,EWR,GSO,3,727.0,101.0,0
AA,1595.0,DFW,LAS,2,1185.0,180.0,0
OO,6648.0,ORD,CWA,5,715.0,57.0,0
DL,1096.0,RSW,ATL,2,1141.0,110.0,0
CO,600.0,FLL,EWR,4,400.0,169.0,0
FL,868.0,MSP,ATL,5,420.0,156.0,0
AA,1534.0,DEN,DFW,1,515.0,120.0,0
AA,1199.0,MCO,DFW,5,1175.0,175.0,1
OO,6636.0,DEN,CLE,3,1050.0,165.0,0
FL,406.0,ATL,IND,2,988.0,98.0,1
DL,2674.0,MCO,DCA,7,1015.0,122.0,0
OH,6457.0,ORF,CVG,4,392.0,121.0,0
AA,2431.0,DFW,LAX,2,740.0,200.0,0
XE,2409.0,CLE,MCI,3,1095.0,130.0,1
WN,2260.0,TPA,BHM,6,915.0,85.0,1
AA,1834.0,JAC,DFW,6,880.0,155.0,1
MQ,3305.0,DFW,LFT,6,1170.0,75.0,0
UA,505.0,LAX,MCO,2,1350.0,284.0,1
WN,2974.0,SFO,PHX,3,500.0,115.0,1
UA,742.0,SEA,DEN,6,806.0,151.0,0
AS,498.0,SEA,SAN,4,1075.0,154.0,1
US,1440.0,CLT,DCA,3,585.0,76.0,1
WN,291.0,DAL,SAT,3,545.0,65.0,1
OO,6335.0,LAX,SAN,6,895.0,45.0,0
FL,915.0,BWI,MKE,3,422.0,128.0,0
XE,2600.0,IAH,TUL,3,770.0,83.0,1
WN,827.0,BNA,AUS,2,655.0,140.0,1
B6,592.0,MCO,HPN,3,470.0,152.0,0
DL,2834.0,SMF,MSP,6,405.0,217.0,0
AA,1084.0,SJC,DFW,2,1040.0,190.0,1
DL,2437.0,ATL,SAT,4,502.0,166.0,0
CO,1019.0,TPA,EWR,5,360.0,150.0,1
OH,6404.0,BOS,DCA,4,635.0,109.0,1
MQ,2877.0,DFW,GSO,2,1205.0,145.0,0
EV,7081.0,BUF,IAD,6,615.0,74.0,1
WN,2315.0,HOU,HRL,5,930.0,60.0,1
AA,364.0,DFW,PBI,2,1180.0,150.0,0
OO,6541.0,BIS,DEN,3,798.0,102.0,1
WN,112.0,PHX,ABQ,5,525.0,65.0,0
DL,2573.0,ATL,MIA,7,450.0,115.0,1
EV,5474.0,ROC,ATL,5,1060.0,142.0,1
MQ,4582.0,LGA,CLT,5,535.0,125.0,1
9E,3853.0,PHL,CVG,2,1059.0,129.0,1
AA,784.0,MFE,DFW,3,1115.0,95.0,0
WN,1381.0,BWI,DTW,1,655.0,100.0,1
US,1215.0,DTW,CLT,1,715.0,105.0,1
DL,2076.0,MCO,LGA,4,645.0,154.0,1
DL,1672.0,TPA,ATL,5,435.0,102.0,0
DL,2097.0,MSP,ATL,2,465.0,155.0,0
EV,5545.0,ATL,GNV,1,1295.0,75.0,1
OO,6476.0,DEN,BIS,6,1030.0,94.0,1
EV,5129.0,BOS,DCA,5,455.0,108.0,1
AA,2442.0,LAX,DFW,4,705.0,190.0,0
AA,644.0,DFW,CLT,1,915.0,140.0,1
EV,4952.0,ATL,SAV,2,660.0,71.0,1
WN,801.0,ABQ,LAS,4,1015.0,100.0,1
XE,2652.0,LEX,IAH,2,360.0,159.0,0
US,703.0,PHL,PIT,7,1100.0,89.0,0
FL,939.0,JAX,ATL,4,761.0,75.0,0
DL,2503.0,DTW,FLL,1,840.0,178.0,0
CO,214.0,DFW,IAH,6,340.0,55.0,0
9E,3957.0,ATW,MSP,6,360.0,76.0,0
AA,160.0,SAN,JFK,4,460.0,315.0,1
F9,846.0,SEA,DEN,3,651.0,150.0,1
CO,559.0,IAH,SNA,2,555.0,230.0,1
FL,11.0,SJU,MCO,1,1080.0,199.0,1
EV,5152.0,ATL,AGS,4,1155.0,61.0,0
AA,2287.0,DFW,EGE,5,730.0,140.0,1
AA,1159.0,DFW,COS,4,1090.0,115.0,0
OO,4567.0,SLC,SAT,3,1195.0,170.0,1
WN,28.0,ECP,HOU,4,630.0,115.0,0
OO,6475.0,LAX,YUM,4,965.0,70.0,0
CO,798.0,EWR,SFO,2,525.0,401.0,0
MQ,4476.0,DCA,JFK,2,715.0,65.0,0
9E,3664.0,MBS,DTW,1,920.0,57.0,0
MQ,4220.0,ORD,BNA,7,620.0,90.0,0
AA,728.0,DFW,LGA,6,755.0,200.0,0
UA,26.0,LAX,JFK,4,708.0,333.0,0
9E,4272.0,DTW,PVD,1,1045.0,116.0,1
OH,6451.0,CVG,MSP,7,430.0,133.0,1
AS,98.0,ANC,SEA,6,1025.0,205.0,0
DL,110.0,ATL,LAX,1,450.0,302.0,0
CO,210.0,IAH,EWR,1,945.0,207.0,1
MQ,3917.0,ORD,ROC,7,970.0,100.0,0
YV,2853.0,YUM,PHX,5,475.0,68.0,0
OO,6561.0,DEN,GTF,4,1293.0,118.0,1
MQ,2821.0,DFW,ACT,6,460.0,40.0,0
XE,5986.0,ORD,FAR,5,489.0,113.0,0
AA,867.0,ORD,DEN,4,1165.0,160.0,1
UA,782.0,ABQ,IAD,6,493.0,216.0,0
DL,1176.0,ATL,ROC,4,1302.0,129.0,0
UA,340.0,DEN,PHL,4,1062.0,213.0,0
OO,6840.0,SBA,SFO,4,646.0,80.0,1
DL,2009.0,MKE,MSP,3,901.0,78.0,1
UA,950.0,LAX,IAD,4,493.0,281.0,1
WN,1489.0,PBI,TPA,7,945.0,55.0,0
AA,2559.0,EWR,DFW,7,900.0,245.0,0
AA,1139.0,DTW,DFW,2,1020.0,185.0,0
9E,4084.0,DTW,ITH,2,1175.0,90.0,0
WN,2630.0,MDW,DTW,3,1240.0,70.0,1
AA,1477.0,PHL,DFW,5,400.0,235.0,1
UA,115.0,RDU,ORD,6,520.0,140.0,0
AA,1855.0,LGA,STL,4,505.0,170.0,1
WN,1884.0,LAS,PHX,3,755.0,70.0,0
CO,232.0,IAH,LGA,5,565.0,210.0,1
WN,1921.0,BHM,BNA,2,570.0,50.0,0
DL,2330.0,MSP,MEM,1,655.0,127.0,0
DL,2258.0,RDU,MSP,3,385.0,184.0,0
WN,1078.0,BUR,OAK,7,655.0,70.0,1
9E,4198.0,DTW,ROC,7,1320.0,86.0,1
YV,1062.0,LIH,HNL,7,915.0,29.0,0
DL,1244.0,HOU,ATL,1,375.0,130.0,0
EV,5116.0,ECP,MEM,1,360.0,92.0,0
UA,216.0,SFO,SNA,1,526.0,100.0,1
DL,1264.0,PHX,SLC,4,870.0,99.0,0
US,2115.0,BOS,LGA,5,360.0,70.0,1
FL,161.0,ATL,SJU,5,550.0,209.0,0
OH,6458.0,RDU,BOS,4,765.0,124.0,0
UA,28.0,LAX,JFK,5,985.0,320.0,0
XE,2446.0,CLE,BWI,3,465.0,74.0,1
WN,1233.0,ABQ,LAS,4,1225.0,95.0,1
DL,2459.0,ATL,STL,5,445.0,109.0,0
AA,1900.0,DFW,DCA,4,1295.0,155.0,0
AA,562.0,STL,MIA,4,1050.0,160.0,1
EV,5289.0,ATL,JAN,1,885.0,85.0,1
XE,5974.0,ORD,AVP,7,1160.0,105.0,1
US,1717.0,PHL,PBI,3,1075.0,168.0,0
US,1550.0,CLT,RDU,5,1360.0,54.0,1
UA,484.0,SAN,DEN,2,378.0,149.0,0
MQ,3602.0,CHS,MIA,2,925.0,100.0,0
CO,796.0,LAS,IAH,6,1185.0,164.0,1
9E,3672.0,LBB,MEM,5,705.0,115.0,1
XE,3130.0,DCA,EWR,1,410.0,63.0,0
AA,1166.0,DFW,PHL,7,780.0,195.0,1
AA,445.0,DCA,ORD,6,360.0,125.0,1
US,1021.0,CLT,TPA,4,691.0,103.0,0
WN,724.0,SEA,DEN,3,365.0,160.0,0
WN,1357.0,ONT,LAS,1,475.0,60.0,0
9E,4043.0,MEM,ECP,6,870.0,85.0,0
OO,6464.0,ELP,DEN,5,394.0,112.0,0
9E,4076.0,BNA,MSP,4,1100.0,140.0,1
DL,1634.0,JFK,ATL,5,690.0,158.0,0
EV,5411.0,ATL,HPN,3,966.0,134.0,1
DL,2025.0,ATL,IAH,3,837.0,138.0,1
OO,4691.0,SLC,BOI,4,515.0,92.0,1
WN,582.0,GEG,SEA,3,1090.0,65.0,0
AS,9.0,MCO,SEA,5,500.0,385.0,0
WN,1532.0,JAN,BWI,4,865.0,130.0,0
US,1987.0,CLT,RSW,5,465.0,113.0,0
XE,2947.0,IAH,PHX,5,985.0,175.0,0
MQ,4293.0,CHA,ORD,2,660.0,105.0,1
WN,794.0,PHX,SAN,1,965.0,70.0,0
F9,226.0,SMF,DEN,5,660.0,134.0,0
CO,1703.0,LAX,EWR,3,515.0,318.0,1
WN,6.0,HOU,DAL,3,450.0,55.0,0
WN,1073.0,RNO,LAS,4,1000.0,70.0,0
OH,6555.0,JFK,CLT,3,885.0,144.0,1
WN,102.0,SFO,SAN,5,875.0,85.0,1
F9,198.0,DAY,DEN,4,970.0,184.0,0
US,880.0,PHL,BOS,6,1365.0,72.0,0
DL,2961.0,ATL,DAB,2,1295.0,77.0,0
US,1439.0,CLT,LAX,2,1090.0,329.0,1
9E,4071.0,DTW,MDW,2,930.0,79.0,1
WN,1022.0,DEN,LAS,1,1035.0,115.0,1
US,1033.0,BDL,CLT,1,1025.0,132.0,1
EV,7094.0,IAD,PWM,1,1324.0,92.0,1
DL,339.0,LIT,ATL,4,420.0,95.0,0
OO,6627.0,DEN,PSP,1,915.0,134.0,1
9E,4257.0,BOS,RDU,3,735.0,135.0,0
MQ,3608.0,ATL,MIA,1,1000.0,120.0,0
MQ,3342.0,DFW,CRP,2,735.0,80.0,1
OO,6981.0,TUS,DEN,5,824.0,110.0,0
MQ,2712.0,DFW,ABI,3,1175.0,50.0,0
AA,1552.0,MCO,MIA,1,510.0,60.0,0
WN,2254.0,DEN,MDW,3,1235.0,130.0,0
OO,4762.0,PSP,SLC,5,390.0,102.0,1
MQ,2752.0,DFW,FWA,5,640.0,130.0,0
UA,102.0,SFO,ORD,6,724.0,257.0,0
US,1014.0,FLL,CLT,3,785.0,118.0,0
US,798.0,MCO,PHL,2,1020.0,148.0,0
WN,3934.0,MSY,TPA,3,660.0,85.0,1
XE,3102.0,MAF,IAH,5,480.0,90.0,1
AA,411.0,DFW,SNA,7,815.0,200.0,1
OO,4832.0,SLC,MSO,5,919.0,88.0,0
MQ,3613.0,MIA,BHM,5,1170.0,125.0,0
FL,407.0,IND,ATL,6,848.0,96.0,0
DL,2337.0,BWI,DTW,4,450.0,102.0,0
MQ,3948.0,OMA,ORD,5,1030.0,105.0,0
US,638.0,PHX,ONT,4,890.0,74.0,0
US,185.0,RNO,PHX,4,755.0,100.0,0
9E,4218.0,SDF,MSP,3,1145.0,131.0,0
US,868.0,JAX,PHL,1,1030.0,129.0,0
WN,1653.0,BWI,BHM,3,620.0,135.0,0
FL,1142.0,ABE,FLL,4,688.0,178.0,0
MQ,4439.0,LGA,RDU,5,510.0,110.0,1
OH,6370.0,JAX,DTW,5,530.0,149.0,0
B6,503.0,EWR,FLL,1,586.0,197.0,1
FL,314.0,ATL,CLT,3,944.0,70.0,0
OO,7003.0,SEA,LAX,5,414.0,156.0,0
OO,4721.0,OKC,SLC,6,1055.0,144.0,0
MQ,4412.0,LGA,DTW,1,745.0,125.0,1
UA,415.0,MSY,DEN,4,420.0,186.0,0
AA,404.0,MIA,MCO,3,385.0,60.0,0
WN,1779.0,BWI,DEN,7,445.0,260.0,1
WN,324.0,PHX,SAN,4,900.0,70.0,1
YV,1053.0,OGG,LIH,1,715.0,45.0,0
HA,377.0,HNL,LIH,2,1196.0,36.0,0
WN,3408.0,LAS,TUS,7,1180.0,70.0,1
OO,6448.0,TUS,LAX,6,688.0,101.0,0
MQ,4105.0,CLT,ORD,2,450.0,140.0,0
AA,1322.0,DFW,DTW,7,435.0,160.0,1
MQ,4605.0,RDU,LGA,5,980.0,95.0,0
WN,758.0,DAL,LIT,1,380.0,60.0,1
DL,2123.0,BOS,DTW,4,340.0,144.0,0
UA,734.0,ORD,PIT,5,785.0,87.0,0
XE,3001.0,EWR,GSP,3,897.0,119.0,1
WN,289.0,BUR,SMF,1,915.0,80.0,1
MQ,4194.0,AZO,ORD,2,1060.0,60.0,0
DL,1926.0,FLL,ATL,3,845.0,120.0,1
MQ,4248.0,DSM,ORD,7,1120.0,90.0,0
OO,6277.0,SEA,GEG,6,1299.0,58.0,0
WN,2453.0,ABQ,LAX,2,485.0,130.0,0
AA,177.0,JFK,SFO,7,1079.0,401.0,0
FL,268.0,DCA,MKE,2,1070.0,129.0,1
FL,435.0,SEA,MKE,1,546.0,219.0,1
WN,3420.0,PHX,LAS,5,465.0,65.0,0
US,1264.0,MIA,PHL,1,615.0,166.0,0
9E,3718.0,DTW,SWF,6,1035.0,104.0,1
XE,2496.0,IAH,SDF,5,990.0,125.0,0
AA,1822.0,DFW,DAY,2,875.0,130.0,1
US,1027.0,MCO,PHL,4,835.0,145.0,1
CO,1506.0,IAH,TPA,3,1160.0,124.0,0
WN,1739.0,LAS,BWI,4,580.0,275.0,1
9E,4114.0,MSN,DTW,5,625.0,87.0,0
B6,1203.0,BUF,RSW,4,420.0,186.0,1
US,577.0,TPA,PHX,4,1050.0,278.0,0
DL,1441.0,GRR,ATL,1,730.0,130.0,1
OO,4576.0,MSP,LEX,3,925.0,120.0,0
WN,2123.0,SAN,AUS,5,1020.0,160.0,1
WN,606.0,RDU,PHL,5,490.0,80.0,1
WN,2085.0,SLC,PHX,7,560.0,105.0,0
AA,1105.0,DCA,DFW,4,1160.0,215.0,0
WN,1220.0,MDW,SMF,6,605.0,285.0,1
B6,571.0,HPN,PBI,6,1250.0,169.0,1
OO,4763.0,SLC,PSP,2,1290.0,108.0,1
OO,6815.0,DEN,BIL,2,916.0,87.0,0
AA,1723.0,BWI,MIA,5,370.0,160.0,1
B6,94.0,OAK,JFK,3,460.0,322.0,1
WN,595.0,BUR,SJC,1,430.0,65.0,0
WN,396.0,LAX,STL,5,400.0,210.0,1
OH,6652.0,CVG,DTW,2,600.0,84.0,0
WN,151.0,SAN,PHX,5,925.0,70.0,1
9E,4160.0,ROC,DTW,1,577.0,98.0,0
EV,7338.0,TLH,MEM,5,1040.0,96.0,0
WN,550.0,PHX,SJC,7,365.0,125.0,0
OO,6350.0,SFO,ONT,3,724.0,79.0,1
US,1569.0,PHL,BWI,1,1085.0,59.0,0
OO,6391.0,DEN,TUS,4,936.0,118.0,1
OH,6661.0,BNA,LGA,4,648.0,131.0,0
OO,6658.0,COS,DEN,4,1066.0,46.0,0
AS,495.0,SAN,SEA,1,510.0,185.0,0
HA,207.0,KOA,HNL,6,729.0,42.0,0
DL,2345.0,CVG,LAS,3,555.0,269.0,0
F9,122.0,DEN,DFW,4,1200.0,108.0,1
OH,6276.0,CRW,DTW,3,390.0,79.0,1
OO,6364.0,SBA,LAX,4,385.0,47.0,0
AA,1235.0,BOS,DFW,7,1015.0,270.0,1
EV,5449.0,ATL,BHM,4,990.0,55.0,0
WN,411.0,LAS,SFO,1,840.0,95.0,1
DL,2772.0,MEM,MSP,2,1120.0,129.0,1
OO,6818.0,ORD,MSN,2,544.0,48.0,1
OO,6438.0,FAT,SFO,3,330.0,45.0,0
DL,2642.0,ATL,EWR,5,645.0,132.0,1
OO,4624.0,FAT,SLC,6,385.0,102.0,0
YV,7264.0,ORD,PWM,4,1205.0,127.0,0
MQ,3297.0,DFW,TYS,1,605.0,115.0,1
OO,6887.0,PIA,DEN,2,526.0,157.0,0
CO,1546.0,IAH,ORD,6,1135.0,154.0,1
F9,362.0,DEN,SDF,4,690.0,143.0,0
OH,6298.0,CVG,DTW,5,800.0,84.0,0
WN,733.0,LAX,LAS,5,890.0,60.0,1
UA,908.0,DEN,ORD,3,770.0,142.0,0
UA,647.0,IAD,SFO,5,1167.0,368.0,0
OO,6442.0,LAX,OKC,4,781.0,162.0,0
WN,1361.0,LAS,LAX,3,885.0,65.0,1
EV,7076.0,ROC,IAD,4,370.0,80.0,0
MQ,4240.0,SPI,ORD,5,410.0,65.0,0
WN,644.0,BUR,OAK,3,475.0,75.0,0
AS,517.0,SNA,SEA,3,480.0,175.0,0
DL,1891.0,ATL,TPA,1,525.0,97.0,1
AA,1389.0,BNA,DFW,7,585.0,130.0,1
9E,4268.0,MEM,PNS,6,870.0,85.0,1
CO,1114.0,ORD,EWR,5,1060.0,141.0,0
FL,348.0,SRQ,BWI,1,1007.0,134.0,0
WN,700.0,BUR,SJC,6,1185.0,65.0,1
YV,2614.0,AUS,CLT,4,1019.0,154.0,0
WN,2265.0,BUF,LAS,4,490.0,315.0,0
OO,6671.0,ORD,LIT,1,785.0,107.0,1
WN,719.0,BWI,MCO,5,1005.0,140.0,1
B6,24.0,TPA,JFK,2,691.0,153.0,1
WN,1083.0,PHX,LAS,4,735.0,65.0,1
FL,870.0,MSP,ATL,3,1084.0,151.0,1
EV,4961.0,ATL,FLO,4,895.0,71.0,0
MQ,3769.0,ATL,ORD,6,570.0,125.0,1
AA,1720.0,DFW,IAD,6,910.0,160.0,0
MQ,3780.0,ORD,MTJ,6,580.0,190.0,0
MQ,3339.0,DFW,AEX,2,920.0,65.0,0
AA,1502.0,ORD,TPA,3,685.0,155.0,0
XE,2352.0,EWR,OMA,7,480.0,202.0,0
FL,911.0,PHF,ATL,5,1186.0,109.0,0
DL,2903.0,CVG,MCO,5,670.0,130.0,0
OO,4451.0,SLC,CPR,5,677.0,75.0,0
OO,4822.0,BOI,SLC,4,715.0,73.0,0
YV,2944.0,CLT,ORF,3,710.0,72.0,1
WN,7.0,LBB,DAL,1,415.0,65.0,0
B6,746.0,SJU,MCO,3,980.0,187.0,1
DL,2743.0,EWR,ATL,5,1010.0,161.0,1
AA,1487.0,DCA,ORD,7,515.0,130.0,0
XE,2527.0,EWR,GSO,5,727.0,101.0,0
MQ,2717.0,ROW,DFW,3,445.0,85.0,0
XE,2013.0,SDF,EWR,1,1095.0,125.0,0
WN,1427.0,ELP,LAX,3,1215.0,130.0,1
F9,772.0,LAS,DEN,3,497.0,108.0,0
US,948.0,RDU,CLT,5,1070.0,64.0,0
OH,6324.0,CLT,MSP,5,680.0,175.0,1
YV,2705.0,RIC,CLT,5,960.0,80.0,1
CO,194.0,OGG,LAX,1,1330.0,335.0,1
MQ,4387.0,DCA,RDU,5,810.0,65.0,0
AA,1185.0,RDU,DFW,5,380.0,200.0,1
WN,774.0,PIT,MDW,5,1080.0,95.0,1
WN,1809.0,SAN,BNA,6,735.0,225.0,1
XE,2275.0,PBI,IAH,7,860.0,176.0,1
B6,382.0,FLL,LGA,3,1220.0,161.0,0
WN,947.0,MSY,BNA,3,385.0,85.0,0
US,652.0,PHX,SNA,3,525.0,81.0,1
DL,1174.0,ATL,BUF,6,645.0,132.0,0
DL,1493.0,BDL,PBI,2,945.0,189.0,1
DL,2139.0,DCA,ATL,1,1020.0,125.0,1
XE,2370.0,EWR,MSP,3,545.0,204.0,1
9E,4190.0,DTW,BHM,6,935.0,120.0,0
YV,2895.0,DRO,PHX,5,1206.0,107.0,1
YV,7244.0,ORD,PWM,5,825.0,127.0,1
OH,6723.0,IND,DCA,2,1070.0,107.0,1
US,741.0,PHL,SJU,1,1065.0,224.0,1
UA,705.0,IAD,ORD,2,360.0,131.0,0
F9,626.0,DTW,DEN,2,974.0,191.0,0
UA,651.0,ORD,SAN,2,1211.0,265.0,0
OO,6247.0,FSD,ORD,3,360.0,96.0,0
XE,2665.0,DTW,EWR,1,1195.0,118.0,0
XE,2630.0,IAH,CAE,7,1165.0,138.0,0
B6,345.0,JFK,SRQ,4,477.0,183.0,1
US,2024.0,DCA,BOS,4,510.0,82.0,0
CO,474.0,EWR,SJU,4,1270.0,237.0,1
9E,3681.0,ABE,DTW,5,981.0,112.0,0
DL,2429.0,ATL,SEA,7,900.0,330.0,0
AA,2258.0,SAT,DFW,1,375.0,65.0,1
CO,170.0,IAH,SFO,6,545.0,251.0,0
OO,7024.0,TUS,DEN,6,825.0,110.0,0
B6,698.0,FLL,DCA,1,684.0,136.0,0
EV,5270.0,PHF,ATL,7,650.0,120.0,1
WN,789.0,BWI,MKE,6,800.0,125.0,1
WN,502.0,LAS,MCI,1,485.0,170.0,0
DL,2136.0,DFW,MSP,5,1086.0,147.0,1
US,1095.0,RDU,PHL,4,940.0,98.0,1
DL,1628.0,ATL,MDW,1,1295.0,117.0,1
YV,2859.0,FLG,PHX,1,680.0,65.0,0
FL,1079.0,HPN,MCO,3,837.0,170.0,0
OO,6695.0,DEN,ELP,2,614.0,109.0,0
AA,1937.0,BOS,SJU,1,515.0,240.0,1
US,302.0,PHX,CLT,1,570.0,230.0,0
DL,2059.0,ATL,SAT,6,1308.0,166.0,0
OH,6765.0,LGA,MSN,7,915.0,176.0,1
DL,1605.0,DTW,MCO,2,485.0,173.0,1
9E,3930.0,MSP,AZO,4,1160.0,87.0,1
9E,4250.0,IND,JFK,6,780.0,152.0,0
WN,1790.0,ECP,BWI,6,710.0,125.0,1
CO,1597.0,IAH,ONT,5,1270.0,220.0,1
9E,3936.0,ABE,DTW,1,1000.0,113.0,0
DL,2837.0,ATL,SAT,2,577.0,162.0,0
DL,66.0,TPA,ATL,4,807.0,99.0,1
YV,2633.0,IAD,CLT,3,1083.0,90.0,0
XE,5932.0,ORD,BTV,1,1020.0,120.0,1
DL,2025.0,BWI,ATL,5,675.0,117.0,0
EV,5209.0,ATL,CAE,4,725.0,58.0,1
CO,410.0,IAH,EWR,4,1250.0,194.0,1
MQ,3696.0,ORF,JFK,7,870.0,80.0,0
US,2023.0,BOS,DCA,5,420.0,100.0,0
DL,2775.0,STL,DTW,7,1075.0,96.0,0
DL,2894.0,JFK,MCO,4,750.0,170.0,0
YV,1012.0,LIH,HNL,1,600.0,29.0,0
B6,1012.0,JFK,BOS,4,390.0,65.0,0
MQ,3535.0,DFW,LIT,7,1320.0,65.0,0
DL,2248.0,DTW,LGA,7,920.0,116.0,0
EV,5470.0,ATL,MLI,2,980.0,120.0,1
WN,694.0,PHL,PVD,4,1185.0,70.0,1
9E,3806.0,MEM,JAX,2,1140.0,105.0,0
OO,6286.0,PSP,LAS,1,753.0,59.0,1
WN,261.0,ONT,SMF,1,680.0,80.0,1
EV,5429.0,ATL,MLU,2,1238.0,98.0,0
WN,2257.0,SAT,MDW,5,870.0,160.0,1
DL,2501.0,MCO,MEM,4,1050.0,134.0,0
9E,4183.0,DTW,FNT,6,1175.0,46.0,1
OO,6567.0,ORD,COS,1,1205.0,164.0,0
US,192.0,MCO,PHX,3,1040.0,288.0,1
B6,240.0,LGB,OAK,2,415.0,78.0,1
OO,4531.0,FCA,SLC,2,360.0,105.0,0
UA,300.0,ORD,ROC,6,850.0,102.0,0
DL,2008.0,DEN,MSP,2,1070.0,117.0,0
UA,731.0,EWR,DEN,6,870.0,268.0,0
XE,2332.0,EWR,GSP,4,1170.0,127.0,0
HA,10.0,HNL,LAX,1,480.0,325.0,0
FL,68.0,ATL,IAD,7,1043.0,100.0,0
DL,30.0,MSP,JFK,7,615.0,164.0,0
9E,4088.0,CVG,RIC,5,680.0,87.0,1
UA,141.0,DEN,IAH,3,1228.0,137.0,1
AA,1394.0,DFW,FLL,3,540.0,155.0,1
WN,392.0,ABQ,MAF,4,1140.0,60.0,0
MQ,2815.0,DFW,SAV,3,1075.0,130.0,0
WN,1118.0,BNA,MDW,5,1080.0,90.0,1
EV,5298.0,DTW,GSP,3,630.0,109.0,0
CO,434.0,PHX,EWR,5,1420.0,259.0,0
MQ,4655.0,LGA,BNA,2,485.0,155.0,0
YV,2927.0,CLT,CVG,6,1345.0,92.0,1
US,1204.0,PBI,DCA,3,1085.0,133.0,1
AS,347.0,OAK,SEA,4,420.0,120.0,0
EV,7305.0,HSV,MEM,4,385.0,67.0,1
XE,2335.0,MCI,IAH,2,835.0,125.0,1
HA,43.0,SJC,HNL,4,540.0,340.0,0
AS,667.0,AUS,SJC,4,920.0,237.0,0
OO,6417.0,SMX,LAX,7,690.0,57.0,1
AA,1433.0,MIA,MSY,3,640.0,130.0,1
DL,1465.0,PVD,ATL,3,422.0,183.0,0
DL,1650.0,ATL,BUF,3,535.0,134.0,1
WN,961.0,PHX,ONT,2,590.0,75.0,1
AS,64.0,ANC,JNU,5,695.0,102.0,1
FL,529.0,ATL,MEM,5,1103.0,81.0,0
EV,5081.0,XNA,ATL,2,752.0,110.0,1
UA,317.0,DEN,IAD,1,1075.0,197.0,0
WN,1684.0,SMF,SAN,7,965.0,85.0,1
EV,5464.0,OMA,DTW,6,810.0,119.0,0
DL,684.0,ATL,CVG,1,595.0,97.0,0
OH,6399.0,ATL,HSV,1,1130.0,69.0,0
XE,2119.0,CLE,MCI,5,525.0,130.0,0
OH,6616.0,DTW,SYR,4,855.0,84.0,0
WN,1715.0,AUS,DAL,4,1195.0,55.0,0
FL,656.0,SAT,ATL,3,375.0,131.0,0
US,1420.0,PHL,CLT,3,330.0,102.0,0
MQ,2844.0,MHK,DFW,3,1000.0,90.0,0
FL,529.0,ATL,MEM,5,1108.0,74.0,0
DL,428.0,SJU,ATL,5,985.0,236.0,0
YV,1015.0,KOA,HNL,2,765.0,40.0,0
FL,20.0,ATL,MDW,1,945.0,115.0,1
WN,322.0,HOU,MCO,3,875.0,130.0,1
AA,30.0,LAX,JFK,5,1425.0,314.0,0
AS,611.0,LAS,SEA,6,950.0,165.0,0
WN,1024.0,OAK,SAN,3,680.0,85.0,1
AA,2200.0,LAS,DFW,2,850.0,165.0,1
MQ,3002.0,SAN,LAX,1,1095.0,45.0,0
OH,6652.0,DTW,ATW,4,735.0,88.0,0
OO,7038.0,SFO,ACV,7,660.0,79.0,1
OH,6515.0,LGA,JAX,2,835.0,176.0,1
UA,991.0,IAD,ORD,5,475.0,127.0,0
UA,301.0,ICT,DEN,5,593.0,101.0,1
OH,6591.0,DCA,IND,7,915.0,125.0,0
AS,609.0,LAS,SEA,7,1135.0,159.0,1
DL,2513.0,MSP,ATL,3,380.0,167.0,0
DL,2333.0,MKE,MSP,1,903.0,81.0,1
WN,159.0,SAT,BWI,3,900.0,190.0,1
WN,3058.0,ONT,SMF,4,855.0,80.0,1
AA,1274.0,SNA,DFW,5,890.0,175.0,0
B6,1758.0,SJU,FLL,3,796.0,164.0,1
FL,840.0,MCO,ATL,4,589.0,92.0,0
FL,95.0,ATL,RDU,2,535.0,75.0,0
XE,5936.0,ORD,ICT,5,1079.0,116.0,1
US,864.0,JAX,PHL,4,400.0,126.0,0
EV,5332.0,DTW,ELM,1,1079.0,78.0,0
OO,6744.0,LAX,PDX,1,1280.0,141.0,1
WN,3230.0,BWI,JAX,3,780.0,130.0,1
EV,5492.0,ATL,GRR,3,1249.0,119.0,1
CO,1431.0,ABQ,IAH,1,525.0,129.0,0
WN,153.0,DEN,IND,4,615.0,145.0,1
WN,1057.0,DEN,HOU,2,1015.0,140.0,1
WN,2453.0,ONT,PHX,4,800.0,65.0,1
9E,4032.0,DTW,BUF,2,1195.0,80.0,0
US,1750.0,LAS,PHL,6,890.0,276.0,1
DL,1175.0,DTW,ATL,2,595.0,136.0,0
WN,1220.0,MDW,SMF,6,605.0,285.0,1
AS,95.0,SEA,ANC,4,700.0,229.0,1
DL,5.0,DTW,BWI,5,850.0,96.0,1
UA,481.0,ORD,DFW,5,1255.0,156.0,1
MQ,3833.0,ORD,ATL,3,760.0,120.0,0
FL,869.0,ATL,MSP,4,1260.0,157.0,0
OO,4666.0,FAT,SLC,5,985.0,101.0,1
MQ,2770.0,LFT,DFW,4,730.0,85.0,0
WN,961.0,OAK,HOU,2,735.0,220.0,1
CO,1747.0,SFO,CLE,4,1395.0,268.0,0
WN,593.0,DEN,BDL,3,1020.0,225.0,1
MQ,3038.0,SBA,LAX,2,525.0,50.0,0
US,1741.0,DCA,TPA,7,905.0,143.0,0
OO,4797.0,MSP,GFK,4,910.0,75.0,1
CO,158.0,IAH,DCA,4,895.0,168.0,0
EV,5447.0,ATL,SDF,2,570.0,84.0,0
OO,7051.0,SFO,ACV,3,959.0,79.0,1
WN,5.0,TUL,DAL,1,395.0,60.0,0
WN,2001.0,LAX,DEN,5,1095.0,135.0,1
DL,2817.0,MEM,LAX,1,560.0,260.0,0
AA,1858.0,ELP,DFW,4,1070.0,100.0,0
FL,1012.0,TPA,DAY,4,1165.0,134.0,0
OO,6233.0,PDX,EUG,2,1295.0,36.0,1
DL,1001.0,BOS,ATL,2,660.0,175.0,1
B6,1007.0,BOS,JFK,3,552.0,70.0,1
DL,1083.0,RDU,ATL,5,810.0,95.0,1
UA,779.0,DEN,LAS,5,1166.0,126.0,1
MQ,3252.0,MOB,DFW,1,910.0,110.0,0
XE,5996.0,ORD,SYR,6,526.0,103.0,1
XE,2560.0,MAF,IAH,5,1011.0,89.0,1
XE,2631.0,IAH,LFT,5,885.0,54.0,1
OO,4597.0,DEN,SLC,4,435.0,97.0,0
9E,4228.0,IND,DCA,1,1100.0,100.0,0
WN,517.0,PHX,OAK,2,1050.0,125.0,1
AA,501.0,DFW,PHX,6,595.0,160.0,0
WN,115.0,DEN,SLC,3,915.0,90.0,0
EV,5417.0,DSM,ATL,5,1060.0,132.0,0
CO,84.0,ATL,EWR,7,714.0,137.0,1
MQ,3241.0,LIT,DFW,6,1025.0,80.0,0
DL,1618.0,MCO,ATL,4,450.0,104.0,0
OO,4695.0,ORD,SLC,4,805.0,205.0,1
XE,2316.0,ABQ,IAH,7,665.0,115.0,0
UA,479.0,SFO,SEA,4,1259.0,133.0,1
DL,1953.0,MSP,SEA,6,1295.0,223.0,0
WN,2012.0,BUR,PHX,2,785.0,80.0,1
DL,1188.0,ATL,BDL,4,1295.0,137.0,1
UA,58.0,KOA,LAX,5,1319.0,319.0,1
F9,38.0,SEA,DEN,7,375.0,154.0,0
DL,1114.0,SLC,BWI,6,1034.0,252.0,1
MQ,3192.0,SJC,LAX,2,500.0,80.0,0
OO,6283.0,LAX,IYK,4,1180.0,52.0,0
UA,261.0,SFO,LAX,6,369.0,95.0,0
FL,225.0,LAS,MKE,3,1420.0,208.0,1
OO,4492.0,GJT,SLC,1,785.0,56.0,0
DL,1459.0,CVG,DEN,1,580.0,197.0,1
WN,1205.0,SJC,LAX,6,650.0,70.0,1
AS,188.0,FAI,ANC,7,945.0,60.0,0
MQ,3363.0,DFW,LRD,1,1245.0,85.0,0
OO,6685.0,ASE,SFO,5,440.0,142.0,0
DL,2505.0,MSP,SFO,5,1290.0,247.0,1
AA,1931.0,SFO,LAX,2,875.0,80.0,0
DL,1453.0,MSP,SEA,2,555.0,227.0,1
AA,457.0,MCO,MIA,3,420.0,65.0,0
DL,2928.0,RNO,SLC,5,795.0,82.0,0
FL,143.0,DTW,ATL,5,360.0,135.0,0
DL,2776.0,MEM,MSY,4,1180.0,77.0,0
HA,148.0,HNL,KOA,6,776.0,43.0,0
WN,3851.0,STL,FLL,1,795.0,160.0,1
WN,1056.0,LAS,ONT,3,520.0,55.0,1
YV,2852.0,CLT,EWR,6,468.0,109.0,0
OO,6851.0,MEM,ORD,6,864.0,112.0,1
OH,6544.0,JFK,BUF,5,1020.0,115.0,1
OH,6734.0,GRR,DTW,4,620.0,64.0,0
XE,2563.0,EWR,STL,5,375.0,175.0,0
9E,4308.0,DTW,RIC,4,845.0,106.0,0
WN,3915.0,AUS,HOU,5,375.0,50.0,0
UA,483.0,ORD,PDX,7,1214.0,275.0,0
CO,1859.0,DCA,IAH,3,935.0,212.0,0
AA,1041.0,BOS,ORD,4,425.0,190.0,0
XE,2338.0,EWR,RIC,7,1290.0,79.0,0
DL,1407.0,MEM,MSY,6,875.0,82.0,1
AA,2538.0,LAS,ORD,2,40.0,200.0,0
AA,620.0,ELP,DFW,2,640.0,105.0,0
MQ,4090.0,ORD,OKC,1,1320.0,130.0,0
9E,4305.0,CHS,ATL,1,1010.0,85.0,1
AA,1132.0,DFW,TPA,4,870.0,135.0,0
US,990.0,IAH,CLT,5,525.0,144.0,0
XE,2527.0,EWR,GSO,1,758.0,101.0,0
9E,3986.0,MSP,IND,3,825.0,106.0,1
CO,746.0,IAH,ORD,3,895.0,156.0,1
OO,6942.0,EUG,PDX,4,856.0,37.0,0
DL,1100.0,SLC,PHL,6,600.0,265.0,0
YV,2851.0,PHX,YUM,1,1064.0,71.0,0
MQ,4369.0,CVG,ORD,5,1040.0,80.0,0
XE,2927.0,DCA,CLE,1,385.0,73.0,0
OH,6606.0,CVG,DTW,3,1020.0,85.0,0
OH,6630.0,DTW,CMH,6,1165.0,62.0,1
OO,4818.0,SLC,DEN,3,585.0,85.0,0
OH,6469.0,HSV,ATL,2,440.0,73.0,0
FL,993.0,MKE,BOS,4,1130.0,140.0,1
WN,1857.0,SLC,PHX,5,795.0,95.0,1
WN,1155.0,BNA,MCO,1,890.0,105.0,1
US,625.0,ABQ,PHX,7,745.0,77.0,0
MQ,4476.0,DCA,JFK,2,715.0,65.0,0
WN,189.0,PHX,SJC,2,1060.0,115.0,1
WN,2049.0,TUS,SAN,4,1085.0,75.0,1
DL,1295.0,PIT,ATL,5,733.0,112.0,1
OO,6753.0,LAX,CLD,3,1110.0,41.0,1
CO,750.0,LAX,CLE,4,430.0,259.0,1
AA,1311.0,ATL,DFW,5,795.0,145.0,0
AS,691.0,GEG,SEA,7,825.0,62.0,0
MQ,3771.0,ORD,IAH,7,470.0,165.0,1
XE,2464.0,RIC,EWR,2,625.0,72.0,0
UA,782.0,ABQ,IAD,5,485.0,223.0,0
OO,7019.0,DEN,MTJ,6,537.0,56.0,0
WN,1392.0,BUR,OAK,4,790.0,70.0,1
EV,4945.0,MGM,ATL,5,525.0,60.0,0
WN,606.0,RDU,PHL,3,490.0,80.0,1
US,146.0,PHX,LIH,5,675.0,412.0,1
WN,2970.0,MSY,TPA,4,450.0,85.0,1
WN,518.0,SNA,DEN,4,640.0,135.0,1
9E,3992.0,LEX,MEM,1,735.0,90.0,0
EV,5111.0,ATL,BHM,7,510.0,63.0,0
DL,2879.0,LGA,FLL,7,700.0,187.0,0
B6,479.0,BOS,LAX,6,1170.0,390.0,1
OO,4729.0,MFR,SLC,4,370.0,111.0,0
OO,7791.0,SUN,SLC,5,909.0,66.0,0
CO,397.0,IAH,LAS,6,1065.0,198.0,1
WN,2855.0,DEN,LAS,2,695.0,120.0,1
WN,2118.0,SAN,SMF,2,1120.0,95.0,1
CO,518.0,EWR,TPA,4,569.0,178.0,1
OH,6529.0,DTW,BUF,2,450.0,86.0,1
XE,2358.0,BHM,IAH,4,645.0,112.0,0
AA,877.0,DCA,DFW,5,500.0,210.0,0
EV,5136.0,ATL,VPS,5,572.0,78.0,0
DL,2153.0,MSP,SEA,3,860.0,220.0,0
OO,6658.0,DEN,BOI,2,1307.0,122.0,0
HA,376.0,LIH,HNL,3,1195.0,30.0,0
OO,6457.0,SNA,SFO,6,894.0,80.0,0
DL,1211.0,DTW,MSP,3,420.0,137.0,1
EV,5590.0,BHM,ATL,5,720.0,77.0,0
UA,410.0,SMF,DEN,2,361.0,144.0,0
EV,5469.0,MEM,MGM,2,855.0,67.0,0
OO,6860.0,ABQ,DEN,4,604.0,76.0,0
AA,1873.0,MCO,MIA,7,1220.0,65.0,1
DL,1801.0,ATL,AUS,2,1315.0,163.0,1
WN,940.0,MCO,BNA,6,420.0,120.0,0
OO,6990.0,DEN,LNK,4,957.0,78.0,1
FL,1099.0,IND,MCO,1,1199.0,135.0,0
OO,4561.0,SLC,SJC,7,905.0,122.0,0
WN,2238.0,LAX,TUS,7,415.0,80.0,0
MQ,2711.0,DFW,CAE,1,450.0,130.0,0
EV,5054.0,ATL,ECP,3,990.0,71.0,1
OO,6500.0,SJC,LAX,1,360.0,77.0,0
B6,64.0,TPA,JFK,1,585.0,145.0,0
MQ,2796.0,GRR,DFW,3,350.0,175.0,0
OO,6569.0,ORD,EAU,2,580.0,71.0,0
OO,4785.0,SDF,MSP,6,800.0,125.0,0
OO,6498.0,LAX,TUS,5,976.0,78.0,0
WN,1296.0,MSY,HOU,4,505.0,80.0,0
US,586.0,GEG,PHX,7,510.0,158.0,0
OO,6839.0,ORD,OMA,4,740.0,99.0,0
MQ,3726.0,EWR,ORD,5,600.0,160.0,1
AA,2223.0,LGA,STL,5,990.0,170.0,1
OO,4806.0,MSP,BIS,1,1310.0,81.0,1
XE,5918.0,ORD,LAN,7,1205.0,56.0,1
MQ,2838.0,SAV,DFW,3,440.0,180.0,0
DL,2429.0,ATL,SEA,1,900.0,330.0,1
WN,2251.0,BWI,BDL,6,820.0,65.0,1
YV,7306.0,IAD,SYR,7,508.0,72.0,0
EV,5159.0,ATL,CRW,6,1231.0,80.0,1
OO,6603.0,SFO,PSC,5,571.0,112.0,0
AA,600.0,SFO,DFW,4,440.0,210.0,0
US,2167.0,LGA,DCA,1,540.0,78.0,0
FL,573.0,MKE,LAX,6,530.0,262.0,1
DL,2826.0,JAX,ATL,5,390.0,89.0,0
UA,910.0,DEN,ORD,7,526.0,143.0,1
WN,1443.0,MCO,MDW,7,515.0,175.0,0
MQ,3681.0,GSO,MIA,6,825.0,130.0,0
WN,748.0,DEN,OKC,2,590.0,90.0,1
WN,1487.0,ALB,LAS,1,805.0,350.0,1
CO,427.0,SAN,EWR,5,790.0,307.0,0
YV,2987.0,SAT,PHX,4,1280.0,149.0,0
CO,89.0,IAH,EWR,5,360.0,200.0,1
XE,2433.0,IAH,LBB,3,683.0,91.0,1
UA,396.0,SEA,SFO,2,1065.0,122.0,0
CO,1155.0,PBI,EWR,3,747.0,173.0,1
WN,479.0,PDX,PHX,7,665.0,150.0,1
AA,654.0,PHX,DFW,5,360.0,130.0,0
US,1981.0,DCA,TPA,2,605.0,146.0,1
WN,1288.0,DEN,SLC,2,705.0,90.0,1
AA,2096.0,DFW,BWI,7,725.0,170.0,1
YV,2681.0,CVG,CLT,4,420.0,86.0,0
DL,2244.0,SAN,MSP,6,395.0,224.0,0
DL,1469.0,ATL,MCO,1,1215.0,85.0,1
WN,1074.0,LAS,GEG,5,700.0,155.0,1
WN,2327.0,PHX,MSY,5,940.0,175.0,1
DL,2353.0,LGA,TPA,4,1055.0,183.0,1
B6,173.0,JFK,SJC,3,1075.0,397.0,1
MQ,4512.0,XNA,LGA,2,430.0,175.0,0
EV,5186.0,BOS,DCA,6,995.0,110.0,0
B6,9.0,JFK,FLL,3,940.0,199.0,1
XE,5975.0,ORD,SGF,1,501.0,94.0,1
DL,2555.0,LGA,PBI,2,419.0,186.0,1
WN,705.0,DEN,OMA,1,865.0,80.0,1
YV,2621.0,IAD,CLT,2,825.0,91.0,0
AA,1277.0,DFW,AUS,4,970.0,60.0,1
DL,1205.0,MSP,SLC,3,425.0,185.0,0
YV,2652.0,CLT,EWR,6,914.0,106.0,0
FL,1009.0,RSW,BOS,4,653.0,182.0,1
MQ,2876.0,SAF,DFW,5,735.0,95.0,1
EV,5258.0,ICT,ATL,1,1050.0,125.0,0
FL,425.0,PNS,ATL,3,664.0,68.0,1
OO,6310.0,LAX,PSP,2,1235.0,50.0,0
EV,4982.0,GRK,ATL,2,724.0,134.0,0
DL,1512.0,ATL,ORD,4,885.0,130.0,1
WN,988.0,BWI,OKC,1,1040.0,205.0,1
OO,4816.0,LAX,LAS,7,877.0,68.0,1
WN,1992.0,SNA,SFO,2,680.0,85.0,1
AA,657.0,BWI,DFW,1,1110.0,220.0,0
MQ,3012.0,LAX,DEN,5,955.0,145.0,1
US,4.0,PHX,LAS,3,680.0,75.0,0
MQ,4469.0,DCA,BNA,3,735.0,120.0,0
OO,6479.0,DEN,PIT,2,620.0,175.0,0
AA,1034.0,DEN,DFW,4,640.0,120.0,0
US,397.0,LAX,LAS,4,1050.0,65.0,1
HA,124.0,LIH,HNL,1,520.0,30.0,1
F9,371.0,MKE,DEN,5,865.0,155.0,1
DL,82.0,SLC,JFK,4,660.0,279.0,0
UA,200.0,ORD,BOS,3,1265.0,138.0,1
US,117.0,SFO,LAS,3,1135.0,88.0,0
OO,6555.0,GJT,DEN,2,577.0,57.0,0
OH,6339.0,DTW,CID,1,530.0,113.0,0
WN,2050.0,MCI,DAL,5,655.0,95.0,1
EV,7088.0,IAD,ROA,5,1121.0,60.0,0
WN,218.0,MAF,HOU,5,1090.0,80.0,1
FL,312.0,CLT,ATL,3,721.0,78.0,1
AA,719.0,MIA,TPA,6,1080.0,60.0,0
YV,2728.0,ELP,PHX,3,700.0,82.0,0
FL,93.0,ATL,RDU,1,1092.0,72.0,1
AA,1707.0,LAS,LAX,5,985.0,70.0,0
OO,6246.0,FAT,LAX,5,610.0,69.0,1
WN,2613.0,OAK,SAN,4,565.0,85.0,1
